2026-10-09 04:25:13 [main] INFO  EzPayApplication - Starting EzPayApplication using Java 25.0.4.1 with PID 3532 (C:\Users\azureuser\Downloads\EzPay_UseCase1_Oracle_Log4j2_JUnit\EzPay_UseCase1\target\classes started by azureuser in C:\Users\azureuser\Downloads\EzPay_UseCase1_Oracle_Log4j2_JUnit\EzPay_UseCase1)
2026-10-09 04:25:13 [main] INFO  EzPayApplication - No active profile set, falling back to 1 default profile: "default"
2026-10-09 04:25:14 [main] INFO  RepositoryConfigurationDelegate - Bootstrapping Spring Data JPA repositories in DEFAULT mode.
2026-10-09 04:25:14 [main] INFO  RepositoryConfigurationDelegate - Finished Spring Data repository scanning in 46 ms. Found 1 JPA repository interface.
2026-10-09 04:25:15 [main] INFO  TomcatWebServer - Tomcat initialized with port 8080 (http)
2026-10-09 04:25:15 [main] INFO  Http11NioProtocol - Initializing ProtocolHandler ["http-nio-8080"]
2026-10-09 04:25:15 [main] INFO  StandardService - Starting service [Tomcat]
2026-10-09 04:25:15 [main] INFO  StandardEngine - Starting Servlet engine: [Apache Tomcat/10.1.40]
2026-10-09 04:25:15 [main] INFO  [/] - Initializing Spring embedded WebApplicationContext
2026-10-09 04:25:15 [main] INFO  ServletWebServerApplicationContext - Root WebApplicationContext: initialization completed in 1340 ms
2026-10-09 04:25:15 [main] INFO  LogHelper - HHH000204: Processing PersistenceUnitInfo [name: default]
2026-10-09 04:25:15 [main] INFO  Version - HHH000412: Hibernate ORM core version 6.6.13.Final
2026-10-09 04:25:15 [main] INFO  RegionFactoryInitiator - HHH000026: Second-level cache disabled
2026-10-09 04:25:15 [main] INFO  SpringPersistenceUnitInfo - No LoadTimeWeaver setup: ignoring JPA class transformer
2026-10-09 04:25:15 [main] INFO  HikariDataSource - HikariPool-1 - Starting...
2026-10-09 04:25:17 [main] WARN  SqlExceptionHelper - SQL Error: 12541, SQLState: 66000
2026-10-09 04:25:17 [main] ERROR SqlExceptionHelper - ORA-12541: Cannot connect. No listener at host localhost port 1521. (CONNECTION_ID=xLHbmCQ9RteKS9ZVBwRVMg==)
https://docs.oracle.com/error-help/db/ora-12541/
2026-10-09 04:25:17 [main] WARN  JdbcEnvironmentInitiator - HHH000342: Could not obtain connection to query metadata
org.hibernate.exception.GenericJDBCException: unable to obtain isolated JDBC connection [ORA-12541: Cannot connect. No listener at host localhost port 1521. (CONNECTION_ID=xLHbmCQ9RteKS9ZVBwRVMg==)
https://docs.oracle.com/error-help/db/ora-12541/] [n/a]
	at org.hibernate.exception.internal.StandardSQLExceptionConverter.convert(StandardSQLExceptionConverter.java:63) ~[hibernate-core-6.6.13.Final.jar:6.6.13.Final]
	at org.hibernate.engine.jdbc.spi.SqlExceptionHelper.convert(SqlExceptionHelper.java:108) ~[hibernate-core-6.6.13.Final.jar:6.6.13.Final]
	at org.hibernate.engine.jdbc.spi.SqlExceptionHelper.convert(SqlExceptionHelper.java:94) ~[hibernate-core-6.6.13.Final.jar:6.6.13.Final]
	at org.hibernate.resource.transaction.backend.jdbc.internal.JdbcIsolationDelegate.delegateWork(JdbcIsolationDelegate.java:116) ~[hibernate-core-6.6.13.Final.jar:6.6.13.Final]
	at org.hibernate.engine.jdbc.env.internal.JdbcEnvironmentInitiator.getJdbcEnvironmentUsingJdbcMetadata(JdbcEnvironmentInitiator.java:320) [hibernate-core-6.6.13.Final.jar:6.6.13.Final]
	at org.hibernate.engine.jdbc.env.internal.JdbcEnvironmentInitiator.initiateService(JdbcEnvironmentInitiator.java:129) [hibernate-core-6.6.13.Final.jar:6.6.13.Final]
	at org.hibernate.engine.jdbc.env.internal.JdbcEnvironmentInitiator.initiateService(JdbcEnvironmentInitiator.java:81) [hibernate-core-6.6.13.Final.jar:6.6.13.Final]
	at org.hibernate.boot.registry.internal.StandardServiceRegistryImpl.initiateService(StandardServiceRegistryImpl.java:130) [hibernate-core-6.6.13.Final.jar:6.6.13.Final]
	at org.hibernate.service.internal.AbstractServiceRegistryImpl.createService(AbstractServiceRegistryImpl.java:263) [hibernate-core-6.6.13.Final.jar:6.6.13.Final]
	at org.hibernate.service.internal.AbstractServiceRegistryImpl.initializeService(AbstractServiceRegistryImpl.java:238) [hibernate-core-6.6.13.Final.jar:6.6.13.Final]
	at org.hibernate.service.internal.AbstractServiceRegistryImpl.getService(AbstractServiceRegistryImpl.java:215) [hibernate-core-6.6.13.Final.jar:6.6.13.Final]
	at org.hibernate.boot.model.relational.Database.<init>(Database.java:45) [hibernate-core-6.6.13.Final.jar:6.6.13.Final]
	at org.hibernate.boot.internal.InFlightMetadataCollectorImpl.getDatabase(InFlightMetadataCollectorImpl.java:226) [hibernate-core-6.6.13.Final.jar:6.6.13.Final]
	at org.hibernate.boot.internal.InFlightMetadataCollectorImpl.<init>(InFlightMetadataCollectorImpl.java:194) [hibernate-core-6.6.13.Final.jar:6.6.13.Final]
	at org.hibernate.boot.model.process.spi.MetadataBuildingProcess.complete(MetadataBuildingProcess.java:171) [hibernate-core-6.6.13.Final.jar:6.6.13.Final]
	at org.hibernate.jpa.boot.internal.EntityManagerFactoryBuilderImpl.metadata(EntityManagerFactoryBuilderImpl.java:1442) [hibernate-core-6.6.13.Final.jar:6.6.13.Final]
	at org.hibernate.jpa.boot.internal.EntityManagerFactoryBuilderImpl.build(EntityManagerFactoryBuilderImpl.java:1513) [hibernate-core-6.6.13.Final.jar:6.6.13.Final]
	at org.springframework.orm.jpa.vendor.SpringHibernateJpaPersistenceProvider.createContainerEntityManagerFactory(SpringHibernateJpaPersistenceProvider.java:66) [spring-orm-6.2.6.jar:6.2.6]
	at org.springframework.orm.jpa.LocalContainerEntityManagerFactoryBean.createNativeEntityManagerFactory(LocalContainerEntityManagerFactoryBean.java:390) [spring-orm-6.2.6.jar:6.2.6]
	at org.springframework.orm.jpa.AbstractEntityManagerFactoryBean.buildNativeEntityManagerFactory(AbstractEntityManagerFactoryBean.java:419) [spring-orm-6.2.6.jar:6.2.6]
	at org.springframework.orm.jpa.AbstractEntityManagerFactoryBean.afterPropertiesSet(AbstractEntityManagerFactoryBean.java:400) [spring-orm-6.2.6.jar:6.2.6]
	at org.springframework.orm.jpa.LocalContainerEntityManagerFactoryBean.afterPropertiesSet(LocalContainerEntityManagerFactoryBean.java:366) [spring-orm-6.2.6.jar:6.2.6]
	at org.springframework.beans.factory.support.AbstractAutowireCapableBeanFactory.invokeInitMethods(AbstractAutowireCapableBeanFactory.java:1865) [spring-beans-6.2.6.jar:6.2.6]
	at org.springframework.beans.factory.support.AbstractAutowireCapableBeanFactory.initializeBean(AbstractAutowireCapableBeanFactory.java:1814) [spring-beans-6.2.6.jar:6.2.6]
	at org.springframework.beans.factory.support.AbstractAutowireCapableBeanFactory.doCreateBean(AbstractAutowireCapableBeanFactory.java:607) [spring-beans-6.2.6.jar:6.2.6]
	at org.springframework.beans.factory.support.AbstractAutowireCapableBeanFactory.createBean(AbstractAutowireCapableBeanFactory.java:529) [spring-beans-6.2.6.jar:6.2.6]
	at org.springframework.beans.factory.support.AbstractBeanFactory.lambda$doGetBean$0(AbstractBeanFactory.java:339) [spring-beans-6.2.6.jar:6.2.6]
	at org.springframework.beans.factory.support.DefaultSingletonBeanRegistry.getSingleton(DefaultSingletonBeanRegistry.java:371) [spring-beans-6.2.6.jar:6.2.6]
	at org.springframework.beans.factory.support.AbstractBeanFactory.doGetBean(AbstractBeanFactory.java:337) [spring-beans-6.2.6.jar:6.2.6]
	at org.springframework.beans.factory.support.AbstractBeanFactory.getBean(AbstractBeanFactory.java:207) [spring-beans-6.2.6.jar:6.2.6]
	at org.springframework.context.support.AbstractApplicationContext.finishBeanFactoryInitialization(AbstractApplicationContext.java:970) [spring-context-6.2.6.jar:6.2.6]
	at org.springframework.context.support.AbstractApplicationContext.refresh(AbstractApplicationContext.java:627) [spring-context-6.2.6.jar:6.2.6]
	at org.springframework.boot.web.servlet.context.ServletWebServerApplicationContext.refresh(ServletWebServerApplicationContext.java:146) [spring-boot-3.4.5.jar:3.4.5]
	at org.springframework.boot.SpringApplication.refresh(SpringApplication.java:753) [spring-boot-3.4.5.jar:3.4.5]
	at org.springframework.boot.SpringApplication.refreshContext(SpringApplication.java:439) [spring-boot-3.4.5.jar:3.4.5]
	at org.springframework.boot.SpringApplication.run(SpringApplication.java:318) [spring-boot-3.4.5.jar:3.4.5]
	at org.springframework.boot.SpringApplication.run(SpringApplication.java:1362) [spring-boot-3.4.5.jar:3.4.5]
	at org.springframework.boot.SpringApplication.run(SpringApplication.java:1351) [spring-boot-3.4.5.jar:3.4.5]
	at com.ezpay.EzPayApplication.main(EzPayApplication.java:9) [classes/:?]
Caused by: java.sql.SQLException: ORA-12541: Cannot connect. No listener at host localhost port 1521. (CONNECTION_ID=xLHbmCQ9RteKS9ZVBwRVMg==)
https://docs.oracle.com/error-help/db/ora-12541/
	at oracle.jdbc.driver.T4CConnection.handleLogonNetException(T4CConnection.java:1617) ~[ojdbc11-23.5.0.24.07.jar:23.5.0.24.07]
	at oracle.jdbc.driver.T4CConnection.logon(T4CConnection.java:1139) ~[ojdbc11-23.5.0.24.07.jar:23.5.0.24.07]
	at oracle.jdbc.driver.PhysicalConnection.connect(PhysicalConnection.java:1206) ~[ojdbc11-23.5.0.24.07.jar:23.5.0.24.07]
	at oracle.jdbc.driver.T4CDriverExtension.getConnection(T4CDriverExtension.java:105) ~[ojdbc11-23.5.0.24.07.jar:23.5.0.24.07]
	at oracle.jdbc.driver.OracleDriver.connect(OracleDriver.java:886) ~[ojdbc11-23.5.0.24.07.jar:23.5.0.24.07]
	at oracle.jdbc.driver.OracleDriver.connect(OracleDriver.java:693) ~[ojdbc11-23.5.0.24.07.jar:23.5.0.24.07]
	at com.zaxxer.hikari.util.DriverDataSource.getConnection(DriverDataSource.java:137) ~[HikariCP-5.1.0.jar:?]
	at com.zaxxer.hikari.pool.PoolBase.newConnection(PoolBase.java:360) ~[HikariCP-5.1.0.jar:?]
	at com.zaxxer.hikari.pool.PoolBase.newPoolEntry(PoolBase.java:202) ~[HikariCP-5.1.0.jar:?]
	at com.zaxxer.hikari.pool.HikariPool.createPoolEntry(HikariPool.java:461) ~[HikariCP-5.1.0.jar:?]
	at com.zaxxer.hikari.pool.HikariPool.checkFailFast(HikariPool.java:550) ~[HikariCP-5.1.0.jar:?]
	at com.zaxxer.hikari.pool.HikariPool.<init>(HikariPool.java:98) ~[HikariCP-5.1.0.jar:?]
	at com.zaxxer.hikari.HikariDataSource.getConnection(HikariDataSource.java:111) ~[HikariCP-5.1.0.jar:?]
	at org.hibernate.engine.jdbc.connections.internal.DatasourceConnectionProviderImpl.getConnection(DatasourceConnectionProviderImpl.java:126) ~[hibernate-core-6.6.13.Final.jar:6.6.13.Final]
	at org.hibernate.engine.jdbc.env.internal.JdbcEnvironmentInitiator$ConnectionProviderJdbcConnectionAccess.obtainConnection(JdbcEnvironmentInitiator.java:467) ~[hibernate-core-6.6.13.Final.jar:6.6.13.Final]
	at org.hibernate.resource.transaction.backend.jdbc.internal.JdbcIsolationDelegate.delegateWork(JdbcIsolationDelegate.java:61) ~[hibernate-core-6.6.13.Final.jar:6.6.13.Final]
	... 35 more
Caused by: oracle.net.ns.NetException: ORA-12541: Cannot connect. No listener at host localhost port 1521. (CONNECTION_ID=xLHbmCQ9RteKS9ZVBwRVMg==)
https://docs.oracle.com/error-help/db/ora-12541/
	at oracle.net.nt.TcpNTAdapter.handleEstablishSocketException(TcpNTAdapter.java:414) ~[ojdbc11-23.5.0.24.07.jar:23.5.0.24.07]
	at oracle.net.nt.TcpNTAdapter.establishSocket(TcpNTAdapter.java:346) ~[ojdbc11-23.5.0.24.07.jar:23.5.0.24.07]
	at oracle.net.nt.TcpNTAdapter.connect(TcpNTAdapter.java:224) ~[ojdbc11-23.5.0.24.07.jar:23.5.0.24.07]
	at oracle.net.nt.ConnOption.connect(ConnOption.java:332) ~[ojdbc11-23.5.0.24.07.jar:23.5.0.24.07]
	at oracle.net.nt.ConnStrategy.executeConnOption(ConnStrategy.java:1222) ~[ojdbc11-23.5.0.24.07.jar:23.5.0.24.07]
	at oracle.net.nt.ConnStrategy.execute(ConnStrategy.java:761) ~[ojdbc11-23.5.0.24.07.jar:23.5.0.24.07]
	at oracle.net.resolver.AddrResolution.resolveAndExecute(AddrResolution.java:711) ~[ojdbc11-23.5.0.24.07.jar:23.5.0.24.07]
	at oracle.net.ns.NSProtocol.establishConnection(NSProtocol.java:959) ~[ojdbc11-23.5.0.24.07.jar:23.5.0.24.07]
	at oracle.net.ns.NSProtocol.connect(NSProtocol.java:328) ~[ojdbc11-23.5.0.24.07.jar:23.5.0.24.07]
	at oracle.jdbc.driver.T4CConnection.connectNetworkSessionProtocol(T4CConnection.java:3419) ~[ojdbc11-23.5.0.24.07.jar:23.5.0.24.07]
	at oracle.jdbc.driver.T4CConnection.logon(T4CConnection.java:1018) ~[ojdbc11-23.5.0.24.07.jar:23.5.0.24.07]
	at oracle.jdbc.driver.PhysicalConnection.connect(PhysicalConnection.java:1206) ~[ojdbc11-23.5.0.24.07.jar:23.5.0.24.07]
	at oracle.jdbc.driver.T4CDriverExtension.getConnection(T4CDriverExtension.java:105) ~[ojdbc11-23.5.0.24.07.jar:23.5.0.24.07]
	at oracle.jdbc.driver.OracleDriver.connect(OracleDriver.java:886) ~[ojdbc11-23.5.0.24.07.jar:23.5.0.24.07]
	at oracle.jdbc.driver.OracleDriver.connect(OracleDriver.java:693) ~[ojdbc11-23.5.0.24.07.jar:23.5.0.24.07]
	at com.zaxxer.hikari.util.DriverDataSource.getConnection(DriverDataSource.java:137) ~[HikariCP-5.1.0.jar:?]
	at com.zaxxer.hikari.pool.PoolBase.newConnection(PoolBase.java:360) ~[HikariCP-5.1.0.jar:?]
	at com.zaxxer.hikari.pool.PoolBase.newPoolEntry(PoolBase.java:202) ~[HikariCP-5.1.0.jar:?]
	at com.zaxxer.hikari.pool.HikariPool.createPoolEntry(HikariPool.java:461) ~[HikariCP-5.1.0.jar:?]
	at com.zaxxer.hikari.pool.HikariPool.checkFailFast(HikariPool.java:550) ~[HikariCP-5.1.0.jar:?]
	at com.zaxxer.hikari.pool.HikariPool.<init>(HikariPool.java:98) ~[HikariCP-5.1.0.jar:?]
	at com.zaxxer.hikari.HikariDataSource.getConnection(HikariDataSource.java:111) ~[HikariCP-5.1.0.jar:?]
	at org.hibernate.engine.jdbc.connections.internal.DatasourceConnectionProviderImpl.getConnection(DatasourceConnectionProviderImpl.java:126) ~[hibernate-core-6.6.13.Final.jar:6.6.13.Final]
	at org.hibernate.engine.jdbc.env.internal.JdbcEnvironmentInitiator$ConnectionProviderJdbcConnectionAccess.obtainConnection(JdbcEnvironmentInitiator.java:467) ~[hibernate-core-6.6.13.Final.jar:6.6.13.Final]
	at org.hibernate.resource.transaction.backend.jdbc.internal.JdbcIsolationDelegate.delegateWork(JdbcIsolationDelegate.java:61) ~[hibernate-core-6.6.13.Final.jar:6.6.13.Final]
	... 35 more
Caused by: java.net.ConnectException: Connection refused: getsockopt
	at java.base/sun.nio.ch.Net.pollConnect(Native Method) ~[?:?]
	at java.base/sun.nio.ch.Net.pollConnectNow(Net.java:639) ~[?:?]
	at java.base/sun.nio.ch.SocketChannelImpl.finishTimedConnect(SocketChannelImpl.java:1267) ~[?:?]
	at java.base/sun.nio.ch.SocketChannelImpl.blockingConnect(SocketChannelImpl.java:1309) ~[?:?]
	at java.base/sun.nio.ch.SocketAdaptor.connect(SocketAdaptor.java:106) ~[?:?]
	at oracle.net.nt.TimeoutSocketChannel.doConnect(TimeoutSocketChannel.java:288) ~[ojdbc11-23.5.0.24.07.jar:23.5.0.24.07]
	at oracle.net.nt.TimeoutSocketChannel.initializeSocketChannel(TimeoutSocketChannel.java:268) ~[ojdbc11-23.5.0.24.07.jar:23.5.0.24.07]
	at oracle.net.nt.TimeoutSocketChannel.connect(TimeoutSocketChannel.java:235) ~[ojdbc11-23.5.0.24.07.jar:23.5.0.24.07]
	at oracle.net.nt.TimeoutSocketChannel.<init>(TimeoutSocketChannel.java:202) ~[ojdbc11-23.5.0.24.07.jar:23.5.0.24.07]
	at oracle.net.nt.TcpNTAdapter.establishSocket(TcpNTAdapter.java:335) ~[ojdbc11-23.5.0.24.07.jar:23.5.0.24.07]
	at oracle.net.nt.TcpNTAdapter.connect(TcpNTAdapter.java:224) ~[ojdbc11-23.5.0.24.07.jar:23.5.0.24.07]
	at oracle.net.nt.ConnOption.connect(ConnOption.java:332) ~[ojdbc11-23.5.0.24.07.jar:23.5.0.24.07]
	at oracle.net.nt.ConnStrategy.executeConnOption(ConnStrategy.java:1222) ~[ojdbc11-23.5.0.24.07.jar:23.5.0.24.07]
	at oracle.net.nt.ConnStrategy.execute(ConnStrategy.java:761) ~[ojdbc11-23.5.0.24.07.jar:23.5.0.24.07]
	at oracle.net.resolver.AddrResolution.resolveAndExecute(AddrResolution.java:711) ~[ojdbc11-23.5.0.24.07.jar:23.5.0.24.07]
	at oracle.net.ns.NSProtocol.establishConnection(NSProtocol.java:959) ~[ojdbc11-23.5.0.24.07.jar:23.5.0.24.07]
	at oracle.net.ns.NSProtocol.connect(NSProtocol.java:328) ~[ojdbc11-23.5.0.24.07.jar:23.5.0.24.07]
	at oracle.jdbc.driver.T4CConnection.connectNetworkSessionProtocol(T4CConnection.java:3419) ~[ojdbc11-23.5.0.24.07.jar:23.5.0.24.07]
	at oracle.jdbc.driver.T4CConnection.logon(T4CConnection.java:1018) ~[ojdbc11-23.5.0.24.07.jar:23.5.0.24.07]
	at oracle.jdbc.driver.PhysicalConnection.connect(PhysicalConnection.java:1206) ~[ojdbc11-23.5.0.24.07.jar:23.5.0.24.07]
	at oracle.jdbc.driver.T4CDriverExtension.getConnection(T4CDriverExtension.java:105) ~[ojdbc11-23.5.0.24.07.jar:23.5.0.24.07]
	at oracle.jdbc.driver.OracleDriver.connect(OracleDriver.java:886) ~[ojdbc11-23.5.0.24.07.jar:23.5.0.24.07]
	at oracle.jdbc.driver.OracleDriver.connect(OracleDriver.java:693) ~[ojdbc11-23.5.0.24.07.jar:23.5.0.24.07]
	at com.zaxxer.hikari.util.DriverDataSource.getConnection(DriverDataSource.java:137) ~[HikariCP-5.1.0.jar:?]
	at com.zaxxer.hikari.pool.PoolBase.newConnection(PoolBase.java:360) ~[HikariCP-5.1.0.jar:?]
	at com.zaxxer.hikari.pool.PoolBase.newPoolEntry(PoolBase.java:202) ~[HikariCP-5.1.0.jar:?]
	at com.zaxxer.hikari.pool.HikariPool.createPoolEntry(HikariPool.java:461) ~[HikariCP-5.1.0.jar:?]
	at com.zaxxer.hikari.pool.HikariPool.checkFailFast(HikariPool.java:550) ~[HikariCP-5.1.0.jar:?]
	at com.zaxxer.hikari.pool.HikariPool.<init>(HikariPool.java:98) ~[HikariCP-5.1.0.jar:?]
	at com.zaxxer.hikari.HikariDataSource.getConnection(HikariDataSource.java:111) ~[HikariCP-5.1.0.jar:?]
	at org.hibernate.engine.jdbc.connections.internal.DatasourceConnectionProviderImpl.getConnection(DatasourceConnectionProviderImpl.java:126) ~[hibernate-core-6.6.13.Final.jar:6.6.13.Final]
	at org.hibernate.engine.jdbc.env.internal.JdbcEnvironmentInitiator$ConnectionProviderJdbcConnectionAccess.obtainConnection(JdbcEnvironmentInitiator.java:467) ~[hibernate-core-6.6.13.Final.jar:6.6.13.Final]
	at org.hibernate.resource.transaction.backend.jdbc.internal.JdbcIsolationDelegate.delegateWork(JdbcIsolationDelegate.java:61) ~[hibernate-core-6.6.13.Final.jar:6.6.13.Final]
	... 35 more
2026-10-09 04:25:17 [main] WARN  deprecation - HHH90000025: OracleDialect does not need to be specified explicitly using 'hibernate.dialect' (remove the property setting and it will be selected by default)
2026-10-09 04:25:17 [main] INFO  pooling - HHH10001005: Database info:
	Database JDBC URL [Connecting through datasource 'HikariDataSource (null)']
	Database driver: undefined/unknown
	Database version: 19.0
	Autocommit mode: undefined/unknown
	Isolation level: undefined/unknown
	Minimum pool size: undefined/unknown
	Maximum pool size: undefined/unknown
2026-10-09 04:25:17 [main] INFO  JtaPlatformInitiator - HHH000489: No JTA platform available (set 'hibernate.transaction.jta.platform' to enable JTA platform integration)
2026-10-09 04:25:17 [main] INFO  HikariDataSource - HikariPool-1 - Starting...
2026-10-09 04:25:18 [main] WARN  SqlExceptionHelper - SQL Error: 12541, SQLState: 66000
2026-10-09 04:25:18 [main] ERROR SqlExceptionHelper - ORA-12541: Cannot connect. No listener at host localhost port 1521. (CONNECTION_ID=JVfyuJy0TY+LYDYIiQbc3w==)
https://docs.oracle.com/error-help/db/ora-12541/
2026-10-09 04:25:19 [main] ERROR LocalContainerEntityManagerFactoryBean - Failed to initialize JPA EntityManagerFactory: [PersistenceUnit: default] Unable to build Hibernate SessionFactory; nested exception is org.hibernate.exception.GenericJDBCException: Unable to open JDBC Connection for DDL execution [ORA-12541: Cannot connect. No listener at host localhost port 1521. (CONNECTION_ID=JVfyuJy0TY+LYDYIiQbc3w==)
https://docs.oracle.com/error-help/db/ora-12541/] [n/a]
2026-10-09 04:25:19 [main] WARN  AnnotationConfigServletWebServerApplicationContext - Exception encountered during context initialization - cancelling refresh attempt: org.springframework.beans.factory.BeanCreationException: Error creating bean with name 'entityManagerFactory' defined in class path resource [org/springframework/boot/autoconfigure/orm/jpa/HibernateJpaConfiguration.class]: [PersistenceUnit: default] Unable to build Hibernate SessionFactory; nested exception is org.hibernate.exception.GenericJDBCException: Unable to open JDBC Connection for DDL execution [ORA-12541: Cannot connect. No listener at host localhost port 1521. (CONNECTION_ID=JVfyuJy0TY+LYDYIiQbc3w==)
https://docs.oracle.com/error-help/db/ora-12541/] [n/a]
2026-10-09 04:25:19 [main] INFO  StandardService - Stopping service [Tomcat]
2026-10-09 04:25:19 [main] INFO  ConditionEvaluationReportLogger - 

Error starting ApplicationContext. To display the condition evaluation report re-run your application with 'debug' enabled.
2026-10-09 04:25:19 [main] ERROR SpringApplication - Application run failed
org.springframework.beans.factory.BeanCreationException: Error creating bean with name 'entityManagerFactory' defined in class path resource [org/springframework/boot/autoconfigure/orm/jpa/HibernateJpaConfiguration.class]: [PersistenceUnit: default] Unable to build Hibernate SessionFactory; nested exception is org.hibernate.exception.GenericJDBCException: Unable to open JDBC Connection for DDL execution [ORA-12541: Cannot connect. No listener at host localhost port 1521. (CONNECTION_ID=JVfyuJy0TY+LYDYIiQbc3w==)
https://docs.oracle.com/error-help/db/ora-12541/] [n/a]
	at org.springframework.beans.factory.support.AbstractAutowireCapableBeanFactory.initializeBean(AbstractAutowireCapableBeanFactory.java:1818) ~[spring-beans-6.2.6.jar:6.2.6]
	at org.springframework.beans.factory.support.AbstractAutowireCapableBeanFactory.doCreateBean(AbstractAutowireCapableBeanFactory.java:607) ~[spring-beans-6.2.6.jar:6.2.6]
	at org.springframework.beans.factory.support.AbstractAutowireCapableBeanFactory.createBean(AbstractAutowireCapableBeanFactory.java:529) ~[spring-beans-6.2.6.jar:6.2.6]
	at org.springframework.beans.factory.support.AbstractBeanFactory.lambda$doGetBean$0(AbstractBeanFactory.java:339) ~[spring-beans-6.2.6.jar:6.2.6]
	at org.springframework.beans.factory.support.DefaultSingletonBeanRegistry.getSingleton(DefaultSingletonBeanRegistry.java:371) ~[spring-beans-6.2.6.jar:6.2.6]
	at org.springframework.beans.factory.support.AbstractBeanFactory.doGetBean(AbstractBeanFactory.java:337) ~[spring-beans-6.2.6.jar:6.2.6]
	at org.springframework.beans.factory.support.AbstractBeanFactory.getBean(AbstractBeanFactory.java:207) ~[spring-beans-6.2.6.jar:6.2.6]
	at org.springframework.context.support.AbstractApplicationContext.finishBeanFactoryInitialization(AbstractApplicationContext.java:970) ~[spring-context-6.2.6.jar:6.2.6]
	at org.springframework.context.support.AbstractApplicationContext.refresh(AbstractApplicationContext.java:627) ~[spring-context-6.2.6.jar:6.2.6]
	at org.springframework.boot.web.servlet.context.ServletWebServerApplicationContext.refresh(ServletWebServerApplicationContext.java:146) ~[spring-boot-3.4.5.jar:3.4.5]
	at org.springframework.boot.SpringApplication.refresh(SpringApplication.java:753) [spring-boot-3.4.5.jar:3.4.5]
	at org.springframework.boot.SpringApplication.refreshContext(SpringApplication.java:439) [spring-boot-3.4.5.jar:3.4.5]
	at org.springframework.boot.SpringApplication.run(SpringApplication.java:318) [spring-boot-3.4.5.jar:3.4.5]
	at org.springframework.boot.SpringApplication.run(SpringApplication.java:1362) [spring-boot-3.4.5.jar:3.4.5]
	at org.springframework.boot.SpringApplication.run(SpringApplication.java:1351) [spring-boot-3.4.5.jar:3.4.5]
	at com.ezpay.EzPayApplication.main(EzPayApplication.java:9) [classes/:?]
Caused by: jakarta.persistence.PersistenceException: [PersistenceUnit: default] Unable to build Hibernate SessionFactory; nested exception is org.hibernate.exception.GenericJDBCException: Unable to open JDBC Connection for DDL execution [ORA-12541: Cannot connect. No listener at host localhost port 1521. (CONNECTION_ID=JVfyuJy0TY+LYDYIiQbc3w==)
https://docs.oracle.com/error-help/db/ora-12541/] [n/a]
	at org.springframework.orm.jpa.AbstractEntityManagerFactoryBean.buildNativeEntityManagerFactory(AbstractEntityManagerFactoryBean.java:431) ~[spring-orm-6.2.6.jar:6.2.6]
	at org.springframework.orm.jpa.AbstractEntityManagerFactoryBean.afterPropertiesSet(AbstractEntityManagerFactoryBean.java:400) ~[spring-orm-6.2.6.jar:6.2.6]
	at org.springframework.orm.jpa.LocalContainerEntityManagerFactoryBean.afterPropertiesSet(LocalContainerEntityManagerFactoryBean.java:366) ~[spring-orm-6.2.6.jar:6.2.6]
	at org.springframework.beans.factory.support.AbstractAutowireCapableBeanFactory.invokeInitMethods(AbstractAutowireCapableBeanFactory.java:1865) ~[spring-beans-6.2.6.jar:6.2.6]
	at org.springframework.beans.factory.support.AbstractAutowireCapableBeanFactory.initializeBean(AbstractAutowireCapableBeanFactory.java:1814) ~[spring-beans-6.2.6.jar:6.2.6]
	... 15 more
Caused by: org.hibernate.exception.GenericJDBCException: Unable to open JDBC Connection for DDL execution [ORA-12541: Cannot connect. No listener at host localhost port 1521. (CONNECTION_ID=JVfyuJy0TY+LYDYIiQbc3w==)
https://docs.oracle.com/error-help/db/ora-12541/] [n/a]
	at org.hibernate.exception.internal.StandardSQLExceptionConverter.convert(StandardSQLExceptionConverter.java:63) ~[hibernate-core-6.6.13.Final.jar:6.6.13.Final]
	at org.hibernate.engine.jdbc.spi.SqlExceptionHelper.convert(SqlExceptionHelper.java:108) ~[hibernate-core-6.6.13.Final.jar:6.6.13.Final]
	at org.hibernate.engine.jdbc.spi.SqlExceptionHelper.convert(SqlExceptionHelper.java:94) ~[hibernate-core-6.6.13.Final.jar:6.6.13.Final]
	at org.hibernate.resource.transaction.backend.jdbc.internal.DdlTransactionIsolatorNonJtaImpl.getIsolatedConnection(DdlTransactionIsolatorNonJtaImpl.java:74) ~[hibernate-core-6.6.13.Final.jar:6.6.13.Final]
	at org.hibernate.resource.transaction.backend.jdbc.internal.DdlTransactionIsolatorNonJtaImpl.getIsolatedConnection(DdlTransactionIsolatorNonJtaImpl.java:39) ~[hibernate-core-6.6.13.Final.jar:6.6.13.Final]
	at org.hibernate.tool.schema.internal.exec.ImprovedExtractionContextImpl.getJdbcConnection(ImprovedExtractionContextImpl.java:63) ~[hibernate-core-6.6.13.Final.jar:6.6.13.Final]
	at org.hibernate.tool.schema.extract.spi.ExtractionContext.getQueryResults(ExtractionContext.java:43) ~[hibernate-core-6.6.13.Final.jar:6.6.13.Final]
	at org.hibernate.tool.schema.extract.internal.SequenceInformationExtractorLegacyImpl.extractMetadata(SequenceInformationExtractorLegacyImpl.java:39) ~[hibernate-core-6.6.13.Final.jar:6.6.13.Final]
	at org.hibernate.tool.schema.extract.internal.DatabaseInformationImpl.initializeSequences(DatabaseInformationImpl.java:66) ~[hibernate-core-6.6.13.Final.jar:6.6.13.Final]
	at org.hibernate.tool.schema.extract.internal.DatabaseInformationImpl.<init>(DatabaseInformationImpl.java:60) ~[hibernate-core-6.6.13.Final.jar:6.6.13.Final]
	at org.hibernate.tool.schema.internal.Helper.buildDatabaseInformation(Helper.java:185) ~[hibernate-core-6.6.13.Final.jar:6.6.13.Final]
	at org.hibernate.tool.schema.internal.AbstractSchemaValidator.doValidation(AbstractSchemaValidator.java:69) ~[hibernate-core-6.6.13.Final.jar:6.6.13.Final]
	at org.hibernate.tool.schema.spi.SchemaManagementToolCoordinator.performDatabaseAction(SchemaManagementToolCoordinator.java:289) ~[hibernate-core-6.6.13.Final.jar:6.6.13.Final]
	at org.hibernate.tool.schema.spi.SchemaManagementToolCoordinator.lambda$process$5(SchemaManagementToolCoordinator.java:144) ~[hibernate-core-6.6.13.Final.jar:6.6.13.Final]
	at java.base/java.util.HashMap.forEach(HashMap.java:1430) ~[?:?]
	at org.hibernate.tool.schema.spi.SchemaManagementToolCoordinator.process(SchemaManagementToolCoordinator.java:141) ~[hibernate-core-6.6.13.Final.jar:6.6.13.Final]
	at org.hibernate.boot.internal.SessionFactoryObserverForSchemaExport.sessionFactoryCreated(SessionFactoryObserverForSchemaExport.java:37) ~[hibernate-core-6.6.13.Final.jar:6.6.13.Final]
	at org.hibernate.internal.SessionFactoryObserverChain.sessionFactoryCreated(SessionFactoryObserverChain.java:35) ~[hibernate-core-6.6.13.Final.jar:6.6.13.Final]
	at org.hibernate.internal.SessionFactoryImpl.<init>(SessionFactoryImpl.java:324) ~[hibernate-core-6.6.13.Final.jar:6.6.13.Final]
	at org.hibernate.boot.internal.SessionFactoryBuilderImpl.build(SessionFactoryBuilderImpl.java:463) ~[hibernate-core-6.6.13.Final.jar:6.6.13.Final]
	at org.hibernate.jpa.boot.internal.EntityManagerFactoryBuilderImpl.build(EntityManagerFactoryBuilderImpl.java:1517) ~[hibernate-core-6.6.13.Final.jar:6.6.13.Final]
	at org.springframework.orm.jpa.vendor.SpringHibernateJpaPersistenceProvider.createContainerEntityManagerFactory(SpringHibernateJpaPersistenceProvider.java:66) ~[spring-orm-6.2.6.jar:6.2.6]
	at org.springframework.orm.jpa.LocalContainerEntityManagerFactoryBean.createNativeEntityManagerFactory(LocalContainerEntityManagerFactoryBean.java:390) ~[spring-orm-6.2.6.jar:6.2.6]
	at org.springframework.orm.jpa.AbstractEntityManagerFactoryBean.buildNativeEntityManagerFactory(AbstractEntityManagerFactoryBean.java:419) ~[spring-orm-6.2.6.jar:6.2.6]
	at org.springframework.orm.jpa.AbstractEntityManagerFactoryBean.afterPropertiesSet(AbstractEntityManagerFactoryBean.java:400) ~[spring-orm-6.2.6.jar:6.2.6]
	at org.springframework.orm.jpa.LocalContainerEntityManagerFactoryBean.afterPropertiesSet(LocalContainerEntityManagerFactoryBean.java:366) ~[spring-orm-6.2.6.jar:6.2.6]
	at org.springframework.beans.factory.support.AbstractAutowireCapableBeanFactory.invokeInitMethods(AbstractAutowireCapableBeanFactory.java:1865) ~[spring-beans-6.2.6.jar:6.2.6]
	at org.springframework.beans.factory.support.AbstractAutowireCapableBeanFactory.initializeBean(AbstractAutowireCapableBeanFactory.java:1814) ~[spring-beans-6.2.6.jar:6.2.6]
	... 15 more
Caused by: java.sql.SQLException: ORA-12541: Cannot connect. No listener at host localhost port 1521. (CONNECTION_ID=JVfyuJy0TY+LYDYIiQbc3w==)
https://docs.oracle.com/error-help/db/ora-12541/
	at oracle.jdbc.driver.T4CConnection.handleLogonNetException(T4CConnection.java:1617) ~[ojdbc11-23.5.0.24.07.jar:23.5.0.24.07]
	at oracle.jdbc.driver.T4CConnection.logon(T4CConnection.java:1139) ~[ojdbc11-23.5.0.24.07.jar:23.5.0.24.07]
	at oracle.jdbc.driver.PhysicalConnection.connect(PhysicalConnection.java:1206) ~[ojdbc11-23.5.0.24.07.jar:23.5.0.24.07]
	at oracle.jdbc.driver.T4CDriverExtension.getConnection(T4CDriverExtension.java:105) ~[ojdbc11-23.5.0.24.07.jar:23.5.0.24.07]
	at oracle.jdbc.driver.OracleDriver.connect(OracleDriver.java:886) ~[ojdbc11-23.5.0.24.07.jar:23.5.0.24.07]
	at oracle.jdbc.driver.OracleDriver.connect(OracleDriver.java:693) ~[ojdbc11-23.5.0.24.07.jar:23.5.0.24.07]
	at com.zaxxer.hikari.util.DriverDataSource.getConnection(DriverDataSource.java:137) ~[HikariCP-5.1.0.jar:?]
	at com.zaxxer.hikari.pool.PoolBase.newConnection(PoolBase.java:360) ~[HikariCP-5.1.0.jar:?]
	at com.zaxxer.hikari.pool.PoolBase.newPoolEntry(PoolBase.java:202) ~[HikariCP-5.1.0.jar:?]
	at com.zaxxer.hikari.pool.HikariPool.createPoolEntry(HikariPool.java:461) ~[HikariCP-5.1.0.jar:?]
	at com.zaxxer.hikari.pool.HikariPool.checkFailFast(HikariPool.java:550) ~[HikariCP-5.1.0.jar:?]
	at com.zaxxer.hikari.pool.HikariPool.<init>(HikariPool.java:98) ~[HikariCP-5.1.0.jar:?]
	at com.zaxxer.hikari.HikariDataSource.getConnection(HikariDataSource.java:111) ~[HikariCP-5.1.0.jar:?]
	at org.hibernate.engine.jdbc.connections.internal.DatasourceConnectionProviderImpl.getConnection(DatasourceConnectionProviderImpl.java:126) ~[hibernate-core-6.6.13.Final.jar:6.6.13.Final]
	at org.hibernate.engine.jdbc.env.internal.JdbcEnvironmentInitiator$ConnectionProviderJdbcConnectionAccess.obtainConnection(JdbcEnvironmentInitiator.java:467) ~[hibernate-core-6.6.13.Final.jar:6.6.13.Final]
	at org.hibernate.resource.transaction.backend.jdbc.internal.DdlTransactionIsolatorNonJtaImpl.getIsolatedConnection(DdlTransactionIsolatorNonJtaImpl.java:46) ~[hibernate-core-6.6.13.Final.jar:6.6.13.Final]
	at org.hibernate.resource.transaction.backend.jdbc.internal.DdlTransactionIsolatorNonJtaImpl.getIsolatedConnection(DdlTransactionIsolatorNonJtaImpl.java:39) ~[hibernate-core-6.6.13.Final.jar:6.6.13.Final]
	at org.hibernate.tool.schema.internal.exec.ImprovedExtractionContextImpl.getJdbcConnection(ImprovedExtractionContextImpl.java:63) ~[hibernate-core-6.6.13.Final.jar:6.6.13.Final]
	at org.hibernate.tool.schema.extract.spi.ExtractionContext.getQueryResults(ExtractionContext.java:43) ~[hibernate-core-6.6.13.Final.jar:6.6.13.Final]
	at org.hibernate.tool.schema.extract.internal.SequenceInformationExtractorLegacyImpl.extractMetadata(SequenceInformationExtractorLegacyImpl.java:39) ~[hibernate-core-6.6.13.Final.jar:6.6.13.Final]
	at org.hibernate.tool.schema.extract.internal.DatabaseInformationImpl.initializeSequences(DatabaseInformationImpl.java:66) ~[hibernate-core-6.6.13.Final.jar:6.6.13.Final]
	at org.hibernate.tool.schema.extract.internal.DatabaseInformationImpl.<init>(DatabaseInformationImpl.java:60) ~[hibernate-core-6.6.13.Final.jar:6.6.13.Final]
	at org.hibernate.tool.schema.internal.Helper.buildDatabaseInformation(Helper.java:185) ~[hibernate-core-6.6.13.Final.jar:6.6.13.Final]
	at org.hibernate.tool.schema.internal.AbstractSchemaValidator.doValidation(AbstractSchemaValidator.java:69) ~[hibernate-core-6.6.13.Final.jar:6.6.13.Final]
	at org.hibernate.tool.schema.spi.SchemaManagementToolCoordinator.performDatabaseAction(SchemaManagementToolCoordinator.java:289) ~[hibernate-core-6.6.13.Final.jar:6.6.13.Final]
	at org.hibernate.tool.schema.spi.SchemaManagementToolCoordinator.lambda$process$5(SchemaManagementToolCoordinator.java:144) ~[hibernate-core-6.6.13.Final.jar:6.6.13.Final]
	at java.base/java.util.HashMap.forEach(HashMap.java:1430) ~[?:?]
	at org.hibernate.tool.schema.spi.SchemaManagementToolCoordinator.process(SchemaManagementToolCoordinator.java:141) ~[hibernate-core-6.6.13.Final.jar:6.6.13.Final]
	at org.hibernate.boot.internal.SessionFactoryObserverForSchemaExport.sessionFactoryCreated(SessionFactoryObserverForSchemaExport.java:37) ~[hibernate-core-6.6.13.Final.jar:6.6.13.Final]
	at org.hibernate.internal.SessionFactoryObserverChain.sessionFactoryCreated(SessionFactoryObserverChain.java:35) ~[hibernate-core-6.6.13.Final.jar:6.6.13.Final]
	at org.hibernate.internal.SessionFactoryImpl.<init>(SessionFactoryImpl.java:324) ~[hibernate-core-6.6.13.Final.jar:6.6.13.Final]
	at org.hibernate.boot.internal.SessionFactoryBuilderImpl.build(SessionFactoryBuilderImpl.java:463) ~[hibernate-core-6.6.13.Final.jar:6.6.13.Final]
	at org.hibernate.jpa.boot.internal.EntityManagerFactoryBuilderImpl.build(EntityManagerFactoryBuilderImpl.java:1517) ~[hibernate-core-6.6.13.Final.jar:6.6.13.Final]
	at org.springframework.orm.jpa.vendor.SpringHibernateJpaPersistenceProvider.createContainerEntityManagerFactory(SpringHibernateJpaPersistenceProvider.java:66) ~[spring-orm-6.2.6.jar:6.2.6]
	at org.springframework.orm.jpa.LocalContainerEntityManagerFactoryBean.createNativeEntityManagerFactory(LocalContainerEntityManagerFactoryBean.java:390) ~[spring-orm-6.2.6.jar:6.2.6]
	at org.springframework.orm.jpa.AbstractEntityManagerFactoryBean.buildNativeEntityManagerFactory(AbstractEntityManagerFactoryBean.java:419) ~[spring-orm-6.2.6.jar:6.2.6]
	at org.springframework.orm.jpa.AbstractEntityManagerFactoryBean.afterPropertiesSet(AbstractEntityManagerFactoryBean.java:400) ~[spring-orm-6.2.6.jar:6.2.6]
	at org.springframework.orm.jpa.LocalContainerEntityManagerFactoryBean.afterPropertiesSet(LocalContainerEntityManagerFactoryBean.java:366) ~[spring-orm-6.2.6.jar:6.2.6]
	at org.springframework.beans.factory.support.AbstractAutowireCapableBeanFactory.invokeInitMethods(AbstractAutowireCapableBeanFactory.java:1865) ~[spring-beans-6.2.6.jar:6.2.6]
	at org.springframework.beans.factory.support.AbstractAutowireCapableBeanFactory.initializeBean(AbstractAutowireCapableBeanFactory.java:1814) ~[spring-beans-6.2.6.jar:6.2.6]
	... 15 more
Caused by: oracle.net.ns.NetException: ORA-12541: Cannot connect. No listener at host localhost port 1521. (CONNECTION_ID=JVfyuJy0TY+LYDYIiQbc3w==)
https://docs.oracle.com/error-help/db/ora-12541/
	at oracle.net.nt.TcpNTAdapter.handleEstablishSocketException(TcpNTAdapter.java:414) ~[ojdbc11-23.5.0.24.07.jar:23.5.0.24.07]
	at oracle.net.nt.TcpNTAdapter.establishSocket(TcpNTAdapter.java:346) ~[ojdbc11-23.5.0.24.07.jar:23.5.0.24.07]
	at oracle.net.nt.TcpNTAdapter.connect(TcpNTAdapter.java:224) ~[ojdbc11-23.5.0.24.07.jar:23.5.0.24.07]
	at oracle.net.nt.ConnOption.connect(ConnOption.java:332) ~[ojdbc11-23.5.0.24.07.jar:23.5.0.24.07]
	at oracle.net.nt.ConnStrategy.executeConnOption(ConnStrategy.java:1222) ~[ojdbc11-23.5.0.24.07.jar:23.5.0.24.07]
	at oracle.net.nt.ConnStrategy.execute(ConnStrategy.java:761) ~[ojdbc11-23.5.0.24.07.jar:23.5.0.24.07]
	at oracle.net.resolver.AddrResolution.resolveAndExecute(AddrResolution.java:711) ~[ojdbc11-23.5.0.24.07.jar:23.5.0.24.07]
	at oracle.net.ns.NSProtocol.establishConnection(NSProtocol.java:959) ~[ojdbc11-23.5.0.24.07.jar:23.5.0.24.07]
	at oracle.net.ns.NSProtocol.connect(NSProtocol.java:328) ~[ojdbc11-23.5.0.24.07.jar:23.5.0.24.07]
	at oracle.jdbc.driver.T4CConnection.connectNetworkSessionProtocol(T4CConnection.java:3419) ~[ojdbc11-23.5.0.24.07.jar:23.5.0.24.07]
	at oracle.jdbc.driver.T4CConnection.logon(T4CConnection.java:1018) ~[ojdbc11-23.5.0.24.07.jar:23.5.0.24.07]
	at oracle.jdbc.driver.PhysicalConnection.connect(PhysicalConnection.java:1206) ~[ojdbc11-23.5.0.24.07.jar:23.5.0.24.07]
	at oracle.jdbc.driver.T4CDriverExtension.getConnection(T4CDriverExtension.java:105) ~[ojdbc11-23.5.0.24.07.jar:23.5.0.24.07]
	at oracle.jdbc.driver.OracleDriver.connect(OracleDriver.java:886) ~[ojdbc11-23.5.0.24.07.jar:23.5.0.24.07]
	at oracle.jdbc.driver.OracleDriver.connect(OracleDriver.java:693) ~[ojdbc11-23.5.0.24.07.jar:23.5.0.24.07]
	at com.zaxxer.hikari.util.DriverDataSource.getConnection(DriverDataSource.java:137) ~[HikariCP-5.1.0.jar:?]
	at com.zaxxer.hikari.pool.PoolBase.newConnection(PoolBase.java:360) ~[HikariCP-5.1.0.jar:?]
	at com.zaxxer.hikari.pool.PoolBase.newPoolEntry(PoolBase.java:202) ~[HikariCP-5.1.0.jar:?]
	at com.zaxxer.hikari.pool.HikariPool.createPoolEntry(HikariPool.java:461) ~[HikariCP-5.1.0.jar:?]
	at com.zaxxer.hikari.pool.HikariPool.checkFailFast(HikariPool.java:550) ~[HikariCP-5.1.0.jar:?]
	at com.zaxxer.hikari.pool.HikariPool.<init>(HikariPool.java:98) ~[HikariCP-5.1.0.jar:?]
	at com.zaxxer.hikari.HikariDataSource.getConnection(HikariDataSource.java:111) ~[HikariCP-5.1.0.jar:?]
	at org.hibernate.engine.jdbc.connections.internal.DatasourceConnectionProviderImpl.getConnection(DatasourceConnectionProviderImpl.java:126) ~[hibernate-core-6.6.13.Final.jar:6.6.13.Final]
	at org.hibernate.engine.jdbc.env.internal.JdbcEnvironmentInitiator$ConnectionProviderJdbcConnectionAccess.obtainConnection(JdbcEnvironmentInitiator.java:467) ~[hibernate-core-6.6.13.Final.jar:6.6.13.Final]
	at org.hibernate.resource.transaction.backend.jdbc.internal.DdlTransactionIsolatorNonJtaImpl.getIsolatedConnection(DdlTransactionIsolatorNonJtaImpl.java:46) ~[hibernate-core-6.6.13.Final.jar:6.6.13.Final]
	at org.hibernate.resource.transaction.backend.jdbc.internal.DdlTransactionIsolatorNonJtaImpl.getIsolatedConnection(DdlTransactionIsolatorNonJtaImpl.java:39) ~[hibernate-core-6.6.13.Final.jar:6.6.13.Final]
	at org.hibernate.tool.schema.internal.exec.ImprovedExtractionContextImpl.getJdbcConnection(ImprovedExtractionContextImpl.java:63) ~[hibernate-core-6.6.13.Final.jar:6.6.13.Final]
	at org.hibernate.tool.schema.extract.spi.ExtractionContext.getQueryResults(ExtractionContext.java:43) ~[hibernate-core-6.6.13.Final.jar:6.6.13.Final]
	at org.hibernate.tool.schema.extract.internal.SequenceInformationExtractorLegacyImpl.extractMetadata(SequenceInformationExtractorLegacyImpl.java:39) ~[hibernate-core-6.6.13.Final.jar:6.6.13.Final]
	at org.hibernate.tool.schema.extract.internal.DatabaseInformationImpl.initializeSequences(DatabaseInformationImpl.java:66) ~[hibernate-core-6.6.13.Final.jar:6.6.13.Final]
	at org.hibernate.tool.schema.extract.internal.DatabaseInformationImpl.<init>(DatabaseInformationImpl.java:60) ~[hibernate-core-6.6.13.Final.jar:6.6.13.Final]
	at org.hibernate.tool.schema.internal.Helper.buildDatabaseInformation(Helper.java:185) ~[hibernate-core-6.6.13.Final.jar:6.6.13.Final]
	at org.hibernate.tool.schema.internal.AbstractSchemaValidator.doValidation(AbstractSchemaValidator.java:69) ~[hibernate-core-6.6.13.Final.jar:6.6.13.Final]
	at org.hibernate.tool.schema.spi.SchemaManagementToolCoordinator.performDatabaseAction(SchemaManagementToolCoordinator.java:289) ~[hibernate-core-6.6.13.Final.jar:6.6.13.Final]
	at org.hibernate.tool.schema.spi.SchemaManagementToolCoordinator.lambda$process$5(SchemaManagementToolCoordinator.java:144) ~[hibernate-core-6.6.13.Final.jar:6.6.13.Final]
	at java.base/java.util.HashMap.forEach(HashMap.java:1430) ~[?:?]
	at org.hibernate.tool.schema.spi.SchemaManagementToolCoordinator.process(SchemaManagementToolCoordinator.java:141) ~[hibernate-core-6.6.13.Final.jar:6.6.13.Final]
	at org.hibernate.boot.internal.SessionFactoryObserverForSchemaExport.sessionFactoryCreated(SessionFactoryObserverForSchemaExport.java:37) ~[hibernate-core-6.6.13.Final.jar:6.6.13.Final]
	at org.hibernate.internal.SessionFactoryObserverChain.sessionFactoryCreated(SessionFactoryObserverChain.java:35) ~[hibernate-core-6.6.13.Final.jar:6.6.13.Final]
	at org.hibernate.internal.SessionFactoryImpl.<init>(SessionFactoryImpl.java:324) ~[hibernate-core-6.6.13.Final.jar:6.6.13.Final]
	at org.hibernate.boot.internal.SessionFactoryBuilderImpl.build(SessionFactoryBuilderImpl.java:463) ~[hibernate-core-6.6.13.Final.jar:6.6.13.Final]
	at org.hibernate.jpa.boot.internal.EntityManagerFactoryBuilderImpl.build(EntityManagerFactoryBuilderImpl.java:1517) ~[hibernate-core-6.6.13.Final.jar:6.6.13.Final]
	at org.springframework.orm.jpa.vendor.SpringHibernateJpaPersistenceProvider.createContainerEntityManagerFactory(SpringHibernateJpaPersistenceProvider.java:66) ~[spring-orm-6.2.6.jar:6.2.6]
	at org.springframework.orm.jpa.LocalContainerEntityManagerFactoryBean.createNativeEntityManagerFactory(LocalContainerEntityManagerFactoryBean.java:390) ~[spring-orm-6.2.6.jar:6.2.6]
	at org.springframework.orm.jpa.AbstractEntityManagerFactoryBean.buildNativeEntityManagerFactory(AbstractEntityManagerFactoryBean.java:419) ~[spring-orm-6.2.6.jar:6.2.6]
	at org.springframework.orm.jpa.AbstractEntityManagerFactoryBean.afterPropertiesSet(AbstractEntityManagerFactoryBean.java:400) ~[spring-orm-6.2.6.jar:6.2.6]
	at org.springframework.orm.jpa.LocalContainerEntityManagerFactoryBean.afterPropertiesSet(LocalContainerEntityManagerFactoryBean.java:366) ~[spring-orm-6.2.6.jar:6.2.6]
	at org.springframework.beans.factory.support.AbstractAutowireCapableBeanFactory.invokeInitMethods(AbstractAutowireCapableBeanFactory.java:1865) ~[spring-beans-6.2.6.jar:6.2.6]
	at org.springframework.beans.factory.support.AbstractAutowireCapableBeanFactory.initializeBean(AbstractAutowireCapableBeanFactory.java:1814) ~[spring-beans-6.2.6.jar:6.2.6]
	... 15 more
Caused by: java.net.ConnectException: Connection refused: getsockopt
	at java.base/sun.nio.ch.Net.pollConnect(Native Method) ~[?:?]
	at java.base/sun.nio.ch.Net.pollConnectNow(Net.java:639) ~[?:?]
	at java.base/sun.nio.ch.SocketChannelImpl.finishTimedConnect(SocketChannelImpl.java:1267) ~[?:?]
	at java.base/sun.nio.ch.SocketChannelImpl.blockingConnect(SocketChannelImpl.java:1309) ~[?:?]
	at java.base/sun.nio.ch.SocketAdaptor.connect(SocketAdaptor.java:106) ~[?:?]
	at oracle.net.nt.TimeoutSocketChannel.doConnect(TimeoutSocketChannel.java:288) ~[ojdbc11-23.5.0.24.07.jar:23.5.0.24.07]
	at oracle.net.nt.TimeoutSocketChannel.initializeSocketChannel(TimeoutSocketChannel.java:268) ~[ojdbc11-23.5.0.24.07.jar:23.5.0.24.07]
	at oracle.net.nt.TimeoutSocketChannel.connect(TimeoutSocketChannel.java:235) ~[ojdbc11-23.5.0.24.07.jar:23.5.0.24.07]
	at oracle.net.nt.TimeoutSocketChannel.<init>(TimeoutSocketChannel.java:202) ~[ojdbc11-23.5.0.24.07.jar:23.5.0.24.07]
	at oracle.net.nt.TcpNTAdapter.establishSocket(TcpNTAdapter.java:335) ~[ojdbc11-23.5.0.24.07.jar:23.5.0.24.07]
	at oracle.net.nt.TcpNTAdapter.connect(TcpNTAdapter.java:224) ~[ojdbc11-23.5.0.24.07.jar:23.5.0.24.07]
	at oracle.net.nt.ConnOption.connect(ConnOption.java:332) ~[ojdbc11-23.5.0.24.07.jar:23.5.0.24.07]
	at oracle.net.nt.ConnStrategy.executeConnOption(ConnStrategy.java:1222) ~[ojdbc11-23.5.0.24.07.jar:23.5.0.24.07]
	at oracle.net.nt.ConnStrategy.execute(ConnStrategy.java:761) ~[ojdbc11-23.5.0.24.07.jar:23.5.0.24.07]
	at oracle.net.resolver.AddrResolution.resolveAndExecute(AddrResolution.java:711) ~[ojdbc11-23.5.0.24.07.jar:23.5.0.24.07]
	at oracle.net.ns.NSProtocol.establishConnection(NSProtocol.java:959) ~[ojdbc11-23.5.0.24.07.jar:23.5.0.24.07]
	at oracle.net.ns.NSProtocol.connect(NSProtocol.java:328) ~[ojdbc11-23.5.0.24.07.jar:23.5.0.24.07]
	at oracle.jdbc.driver.T4CConnection.connectNetworkSessionProtocol(T4CConnection.java:3419) ~[ojdbc11-23.5.0.24.07.jar:23.5.0.24.07]
	at oracle.jdbc.driver.T4CConnection.logon(T4CConnection.java:1018) ~[ojdbc11-23.5.0.24.07.jar:23.5.0.24.07]
	at oracle.jdbc.driver.PhysicalConnection.connect(PhysicalConnection.java:1206) ~[ojdbc11-23.5.0.24.07.jar:23.5.0.24.07]
	at oracle.jdbc.driver.T4CDriverExtension.getConnection(T4CDriverExtension.java:105) ~[ojdbc11-23.5.0.24.07.jar:23.5.0.24.07]
	at oracle.jdbc.driver.OracleDriver.connect(OracleDriver.java:886) ~[ojdbc11-23.5.0.24.07.jar:23.5.0.24.07]
	at oracle.jdbc.driver.OracleDriver.connect(OracleDriver.java:693) ~[ojdbc11-23.5.0.24.07.jar:23.5.0.24.07]
	at com.zaxxer.hikari.util.DriverDataSource.getConnection(DriverDataSource.java:137) ~[HikariCP-5.1.0.jar:?]
	at com.zaxxer.hikari.pool.PoolBase.newConnection(PoolBase.java:360) ~[HikariCP-5.1.0.jar:?]
	at com.zaxxer.hikari.pool.PoolBase.newPoolEntry(PoolBase.java:202) ~[HikariCP-5.1.0.jar:?]
	at com.zaxxer.hikari.pool.HikariPool.createPoolEntry(HikariPool.java:461) ~[HikariCP-5.1.0.jar:?]
	at com.zaxxer.hikari.pool.HikariPool.checkFailFast(HikariPool.java:550) ~[HikariCP-5.1.0.jar:?]
	at com.zaxxer.hikari.pool.HikariPool.<init>(HikariPool.java:98) ~[HikariCP-5.1.0.jar:?]
	at com.zaxxer.hikari.HikariDataSource.getConnection(HikariDataSource.java:111) ~[HikariCP-5.1.0.jar:?]
	at org.hibernate.engine.jdbc.connections.internal.DatasourceConnectionProviderImpl.getConnection(DatasourceConnectionProviderImpl.java:126) ~[hibernate-core-6.6.13.Final.jar:6.6.13.Final]
	at org.hibernate.engine.jdbc.env.internal.JdbcEnvironmentInitiator$ConnectionProviderJdbcConnectionAccess.obtainConnection(JdbcEnvironmentInitiator.java:467) ~[hibernate-core-6.6.13.Final.jar:6.6.13.Final]
	at org.hibernate.resource.transaction.backend.jdbc.internal.DdlTransactionIsolatorNonJtaImpl.getIsolatedConnection(DdlTransactionIsolatorNonJtaImpl.java:46) ~[hibernate-core-6.6.13.Final.jar:6.6.13.Final]
	at org.hibernate.resource.transaction.backend.jdbc.internal.DdlTransactionIsolatorNonJtaImpl.getIsolatedConnection(DdlTransactionIsolatorNonJtaImpl.java:39) ~[hibernate-core-6.6.13.Final.jar:6.6.13.Final]
	at org.hibernate.tool.schema.internal.exec.ImprovedExtractionContextImpl.getJdbcConnection(ImprovedExtractionContextImpl.java:63) ~[hibernate-core-6.6.13.Final.jar:6.6.13.Final]
	at org.hibernate.tool.schema.extract.spi.ExtractionContext.getQueryResults(ExtractionContext.java:43) ~[hibernate-core-6.6.13.Final.jar:6.6.13.Final]
	at org.hibernate.tool.schema.extract.internal.SequenceInformationExtractorLegacyImpl.extractMetadata(SequenceInformationExtractorLegacyImpl.java:39) ~[hibernate-core-6.6.13.Final.jar:6.6.13.Final]
	at org.hibernate.tool.schema.extract.internal.DatabaseInformationImpl.initializeSequences(DatabaseInformationImpl.java:66) ~[hibernate-core-6.6.13.Final.jar:6.6.13.Final]
	at org.hibernate.tool.schema.extract.internal.DatabaseInformationImpl.<init>(DatabaseInformationImpl.java:60) ~[hibernate-core-6.6.13.Final.jar:6.6.13.Final]
	at org.hibernate.tool.schema.internal.Helper.buildDatabaseInformation(Helper.java:185) ~[hibernate-core-6.6.13.Final.jar:6.6.13.Final]
	at org.hibernate.tool.schema.internal.AbstractSchemaValidator.doValidation(AbstractSchemaValidator.java:69) ~[hibernate-core-6.6.13.Final.jar:6.6.13.Final]
	at org.hibernate.tool.schema.spi.SchemaManagementToolCoordinator.performDatabaseAction(SchemaManagementToolCoordinator.java:289) ~[hibernate-core-6.6.13.Final.jar:6.6.13.Final]
	at org.hibernate.tool.schema.spi.SchemaManagementToolCoordinator.lambda$process$5(SchemaManagementToolCoordinator.java:144) ~[hibernate-core-6.6.13.Final.jar:6.6.13.Final]
	at java.base/java.util.HashMap.forEach(HashMap.java:1430) ~[?:?]
	at org.hibernate.tool.schema.spi.SchemaManagementToolCoordinator.process(SchemaManagementToolCoordinator.java:141) ~[hibernate-core-6.6.13.Final.jar:6.6.13.Final]
	at org.hibernate.boot.internal.SessionFactoryObserverForSchemaExport.sessionFactoryCreated(SessionFactoryObserverForSchemaExport.java:37) ~[hibernate-core-6.6.13.Final.jar:6.6.13.Final]
	at org.hibernate.internal.SessionFactoryObserverChain.sessionFactoryCreated(SessionFactoryObserverChain.java:35) ~[hibernate-core-6.6.13.Final.jar:6.6.13.Final]
	at org.hibernate.internal.SessionFactoryImpl.<init>(SessionFactoryImpl.java:324) ~[hibernate-core-6.6.13.Final.jar:6.6.13.Final]
	at org.hibernate.boot.internal.SessionFactoryBuilderImpl.build(SessionFactoryBuilderImpl.java:463) ~[hibernate-core-6.6.13.Final.jar:6.6.13.Final]
	at org.hibernate.jpa.boot.internal.EntityManagerFactoryBuilderImpl.build(EntityManagerFactoryBuilderImpl.java:1517) ~[hibernate-core-6.6.13.Final.jar:6.6.13.Final]
	at org.springframework.orm.jpa.vendor.SpringHibernateJpaPersistenceProvider.createContainerEntityManagerFactory(SpringHibernateJpaPersistenceProvider.java:66) ~[spring-orm-6.2.6.jar:6.2.6]
	at org.springframework.orm.jpa.LocalContainerEntityManagerFactoryBean.createNativeEntityManagerFactory(LocalContainerEntityManagerFactoryBean.java:390) ~[spring-orm-6.2.6.jar:6.2.6]
	at org.springframework.orm.jpa.AbstractEntityManagerFactoryBean.buildNativeEntityManagerFactory(AbstractEntityManagerFactoryBean.java:419) ~[spring-orm-6.2.6.jar:6.2.6]
	at org.springframework.orm.jpa.AbstractEntityManagerFactoryBean.afterPropertiesSet(AbstractEntityManagerFactoryBean.java:400) ~[spring-orm-6.2.6.jar:6.2.6]
	at org.springframework.orm.jpa.LocalContainerEntityManagerFactoryBean.afterPropertiesSet(LocalContainerEntityManagerFactoryBean.java:366) ~[spring-orm-6.2.6.jar:6.2.6]
	at org.springframework.beans.factory.support.AbstractAutowireCapableBeanFactory.invokeInitMethods(AbstractAutowireCapableBeanFactory.java:1865) ~[spring-beans-6.2.6.jar:6.2.6]
	at org.springframework.beans.factory.support.AbstractAutowireCapableBeanFactory.initializeBean(AbstractAutowireCapableBeanFactory.java:1814) ~[spring-beans-6.2.6.jar:6.2.6]
	... 15 more
2026-10-09 04:29:49 [main] INFO  EzPayApplication - Starting EzPayApplication using Java 25.0.4.1 with PID 13676 (C:\Users\azureuser\Downloads\EzPay_UseCase1_Oracle_Log4j2_JUnit\EzPay_UseCase1\target\classes started by azureuser in C:\Users\azureuser\Downloads\EzPay_UseCase1_Oracle_Log4j2_JUnit\EzPay_UseCase1)
2026-10-09 04:29:49 [main] INFO  EzPayApplication - No active profile set, falling back to 1 default profile: "default"
2026-10-09 04:29:49 [main] INFO  RepositoryConfigurationDelegate - Bootstrapping Spring Data JPA repositories in DEFAULT mode.
2026-10-09 04:29:50 [main] INFO  RepositoryConfigurationDelegate - Finished Spring Data repository scanning in 69 ms. Found 1 JPA repository interface.
2026-10-09 04:29:50 [main] INFO  TomcatWebServer - Tomcat initialized with port 8080 (http)
2026-10-09 04:29:50 [main] INFO  Http11NioProtocol - Initializing ProtocolHandler ["http-nio-8080"]
2026-10-09 04:29:50 [main] INFO  StandardService - Starting service [Tomcat]
2026-10-09 04:29:50 [main] INFO  StandardEngine - Starting Servlet engine: [Apache Tomcat/10.1.40]
2026-10-09 04:29:50 [main] INFO  [/] - Initializing Spring embedded WebApplicationContext
2026-10-09 04:29:50 [main] INFO  ServletWebServerApplicationContext - Root WebApplicationContext: initialization completed in 1330 ms
2026-10-09 04:29:50 [main] INFO  LogHelper - HHH000204: Processing PersistenceUnitInfo [name: default]
2026-10-09 04:29:50 [main] INFO  Version - HHH000412: Hibernate ORM core version 6.6.13.Final
2026-10-09 04:29:50 [main] INFO  RegionFactoryInitiator - HHH000026: Second-level cache disabled
2026-10-09 04:29:51 [main] INFO  SpringPersistenceUnitInfo - No LoadTimeWeaver setup: ignoring JPA class transformer
2026-10-09 04:29:51 [main] INFO  HikariDataSource - HikariPool-1 - Starting...
2026-10-09 04:29:52 [main] WARN  SqlExceptionHelper - SQL Error: 12541, SQLState: 66000
2026-10-09 04:29:52 [main] ERROR SqlExceptionHelper - ORA-12541: Cannot connect. No listener at host localhost port 1521. (CONNECTION_ID=Ctm5QASXTLG4kxpUZNsgoQ==)
https://docs.oracle.com/error-help/db/ora-12541/
2026-10-09 04:29:52 [main] WARN  JdbcEnvironmentInitiator - HHH000342: Could not obtain connection to query metadata
org.hibernate.exception.GenericJDBCException: unable to obtain isolated JDBC connection [ORA-12541: Cannot connect. No listener at host localhost port 1521. (CONNECTION_ID=Ctm5QASXTLG4kxpUZNsgoQ==)
https://docs.oracle.com/error-help/db/ora-12541/] [n/a]
	at org.hibernate.exception.internal.StandardSQLExceptionConverter.convert(StandardSQLExceptionConverter.java:63) ~[hibernate-core-6.6.13.Final.jar:6.6.13.Final]
	at org.hibernate.engine.jdbc.spi.SqlExceptionHelper.convert(SqlExceptionHelper.java:108) ~[hibernate-core-6.6.13.Final.jar:6.6.13.Final]
	at org.hibernate.engine.jdbc.spi.SqlExceptionHelper.convert(SqlExceptionHelper.java:94) ~[hibernate-core-6.6.13.Final.jar:6.6.13.Final]
	at org.hibernate.resource.transaction.backend.jdbc.internal.JdbcIsolationDelegate.delegateWork(JdbcIsolationDelegate.java:116) ~[hibernate-core-6.6.13.Final.jar:6.6.13.Final]
	at org.hibernate.engine.jdbc.env.internal.JdbcEnvironmentInitiator.getJdbcEnvironmentUsingJdbcMetadata(JdbcEnvironmentInitiator.java:320) [hibernate-core-6.6.13.Final.jar:6.6.13.Final]
	at org.hibernate.engine.jdbc.env.internal.JdbcEnvironmentInitiator.initiateService(JdbcEnvironmentInitiator.java:129) [hibernate-core-6.6.13.Final.jar:6.6.13.Final]
	at org.hibernate.engine.jdbc.env.internal.JdbcEnvironmentInitiator.initiateService(JdbcEnvironmentInitiator.java:81) [hibernate-core-6.6.13.Final.jar:6.6.13.Final]
	at org.hibernate.boot.registry.internal.StandardServiceRegistryImpl.initiateService(StandardServiceRegistryImpl.java:130) [hibernate-core-6.6.13.Final.jar:6.6.13.Final]
	at org.hibernate.service.internal.AbstractServiceRegistryImpl.createService(AbstractServiceRegistryImpl.java:263) [hibernate-core-6.6.13.Final.jar:6.6.13.Final]
	at org.hibernate.service.internal.AbstractServiceRegistryImpl.initializeService(AbstractServiceRegistryImpl.java:238) [hibernate-core-6.6.13.Final.jar:6.6.13.Final]
	at org.hibernate.service.internal.AbstractServiceRegistryImpl.getService(AbstractServiceRegistryImpl.java:215) [hibernate-core-6.6.13.Final.jar:6.6.13.Final]
	at org.hibernate.boot.model.relational.Database.<init>(Database.java:45) [hibernate-core-6.6.13.Final.jar:6.6.13.Final]
	at org.hibernate.boot.internal.InFlightMetadataCollectorImpl.getDatabase(InFlightMetadataCollectorImpl.java:226) [hibernate-core-6.6.13.Final.jar:6.6.13.Final]
	at org.hibernate.boot.internal.InFlightMetadataCollectorImpl.<init>(InFlightMetadataCollectorImpl.java:194) [hibernate-core-6.6.13.Final.jar:6.6.13.Final]
	at org.hibernate.boot.model.process.spi.MetadataBuildingProcess.complete(MetadataBuildingProcess.java:171) [hibernate-core-6.6.13.Final.jar:6.6.13.Final]
	at org.hibernate.jpa.boot.internal.EntityManagerFactoryBuilderImpl.metadata(EntityManagerFactoryBuilderImpl.java:1442) [hibernate-core-6.6.13.Final.jar:6.6.13.Final]
	at org.hibernate.jpa.boot.internal.EntityManagerFactoryBuilderImpl.build(EntityManagerFactoryBuilderImpl.java:1513) [hibernate-core-6.6.13.Final.jar:6.6.13.Final]
	at org.springframework.orm.jpa.vendor.SpringHibernateJpaPersistenceProvider.createContainerEntityManagerFactory(SpringHibernateJpaPersistenceProvider.java:66) [spring-orm-6.2.6.jar:6.2.6]
	at org.springframework.orm.jpa.LocalContainerEntityManagerFactoryBean.createNativeEntityManagerFactory(LocalContainerEntityManagerFactoryBean.java:390) [spring-orm-6.2.6.jar:6.2.6]
	at org.springframework.orm.jpa.AbstractEntityManagerFactoryBean.buildNativeEntityManagerFactory(AbstractEntityManagerFactoryBean.java:419) [spring-orm-6.2.6.jar:6.2.6]
	at org.springframework.orm.jpa.AbstractEntityManagerFactoryBean.afterPropertiesSet(AbstractEntityManagerFactoryBean.java:400) [spring-orm-6.2.6.jar:6.2.6]
	at org.springframework.orm.jpa.LocalContainerEntityManagerFactoryBean.afterPropertiesSet(LocalContainerEntityManagerFactoryBean.java:366) [spring-orm-6.2.6.jar:6.2.6]
	at org.springframework.beans.factory.support.AbstractAutowireCapableBeanFactory.invokeInitMethods(AbstractAutowireCapableBeanFactory.java:1865) [spring-beans-6.2.6.jar:6.2.6]
	at org.springframework.beans.factory.support.AbstractAutowireCapableBeanFactory.initializeBean(AbstractAutowireCapableBeanFactory.java:1814) [spring-beans-6.2.6.jar:6.2.6]
	at org.springframework.beans.factory.support.AbstractAutowireCapableBeanFactory.doCreateBean(AbstractAutowireCapableBeanFactory.java:607) [spring-beans-6.2.6.jar:6.2.6]
	at org.springframework.beans.factory.support.AbstractAutowireCapableBeanFactory.createBean(AbstractAutowireCapableBeanFactory.java:529) [spring-beans-6.2.6.jar:6.2.6]
	at org.springframework.beans.factory.support.AbstractBeanFactory.lambda$doGetBean$0(AbstractBeanFactory.java:339) [spring-beans-6.2.6.jar:6.2.6]
	at org.springframework.beans.factory.support.DefaultSingletonBeanRegistry.getSingleton(DefaultSingletonBeanRegistry.java:371) [spring-beans-6.2.6.jar:6.2.6]
	at org.springframework.beans.factory.support.AbstractBeanFactory.doGetBean(AbstractBeanFactory.java:337) [spring-beans-6.2.6.jar:6.2.6]
	at org.springframework.beans.factory.support.AbstractBeanFactory.getBean(AbstractBeanFactory.java:207) [spring-beans-6.2.6.jar:6.2.6]
	at org.springframework.context.support.AbstractApplicationContext.finishBeanFactoryInitialization(AbstractApplicationContext.java:970) [spring-context-6.2.6.jar:6.2.6]
	at org.springframework.context.support.AbstractApplicationContext.refresh(AbstractApplicationContext.java:627) [spring-context-6.2.6.jar:6.2.6]
	at org.springframework.boot.web.servlet.context.ServletWebServerApplicationContext.refresh(ServletWebServerApplicationContext.java:146) [spring-boot-3.4.5.jar:3.4.5]
	at org.springframework.boot.SpringApplication.refresh(SpringApplication.java:753) [spring-boot-3.4.5.jar:3.4.5]
	at org.springframework.boot.SpringApplication.refreshContext(SpringApplication.java:439) [spring-boot-3.4.5.jar:3.4.5]
	at org.springframework.boot.SpringApplication.run(SpringApplication.java:318) [spring-boot-3.4.5.jar:3.4.5]
	at org.springframework.boot.SpringApplication.run(SpringApplication.java:1362) [spring-boot-3.4.5.jar:3.4.5]
	at org.springframework.boot.SpringApplication.run(SpringApplication.java:1351) [spring-boot-3.4.5.jar:3.4.5]
	at com.ezpay.EzPayApplication.main(EzPayApplication.java:9) [classes/:?]
Caused by: java.sql.SQLException: ORA-12541: Cannot connect. No listener at host localhost port 1521. (CONNECTION_ID=Ctm5QASXTLG4kxpUZNsgoQ==)
https://docs.oracle.com/error-help/db/ora-12541/
	at oracle.jdbc.driver.T4CConnection.handleLogonNetException(T4CConnection.java:1617) ~[ojdbc11-23.5.0.24.07.jar:23.5.0.24.07]
	at oracle.jdbc.driver.T4CConnection.logon(T4CConnection.java:1139) ~[ojdbc11-23.5.0.24.07.jar:23.5.0.24.07]
	at oracle.jdbc.driver.PhysicalConnection.connect(PhysicalConnection.java:1206) ~[ojdbc11-23.5.0.24.07.jar:23.5.0.24.07]
	at oracle.jdbc.driver.T4CDriverExtension.getConnection(T4CDriverExtension.java:105) ~[ojdbc11-23.5.0.24.07.jar:23.5.0.24.07]
	at oracle.jdbc.driver.OracleDriver.connect(OracleDriver.java:886) ~[ojdbc11-23.5.0.24.07.jar:23.5.0.24.07]
	at oracle.jdbc.driver.OracleDriver.connect(OracleDriver.java:693) ~[ojdbc11-23.5.0.24.07.jar:23.5.0.24.07]
	at com.zaxxer.hikari.util.DriverDataSource.getConnection(DriverDataSource.java:137) ~[HikariCP-5.1.0.jar:?]
	at com.zaxxer.hikari.pool.PoolBase.newConnection(PoolBase.java:360) ~[HikariCP-5.1.0.jar:?]
	at com.zaxxer.hikari.pool.PoolBase.newPoolEntry(PoolBase.java:202) ~[HikariCP-5.1.0.jar:?]
	at com.zaxxer.hikari.pool.HikariPool.createPoolEntry(HikariPool.java:461) ~[HikariCP-5.1.0.jar:?]
	at com.zaxxer.hikari.pool.HikariPool.checkFailFast(HikariPool.java:550) ~[HikariCP-5.1.0.jar:?]
	at com.zaxxer.hikari.pool.HikariPool.<init>(HikariPool.java:98) ~[HikariCP-5.1.0.jar:?]
	at com.zaxxer.hikari.HikariDataSource.getConnection(HikariDataSource.java:111) ~[HikariCP-5.1.0.jar:?]
	at org.hibernate.engine.jdbc.connections.internal.DatasourceConnectionProviderImpl.getConnection(DatasourceConnectionProviderImpl.java:126) ~[hibernate-core-6.6.13.Final.jar:6.6.13.Final]
	at org.hibernate.engine.jdbc.env.internal.JdbcEnvironmentInitiator$ConnectionProviderJdbcConnectionAccess.obtainConnection(JdbcEnvironmentInitiator.java:467) ~[hibernate-core-6.6.13.Final.jar:6.6.13.Final]
	at org.hibernate.resource.transaction.backend.jdbc.internal.JdbcIsolationDelegate.delegateWork(JdbcIsolationDelegate.java:61) ~[hibernate-core-6.6.13.Final.jar:6.6.13.Final]
	... 35 more
Caused by: oracle.net.ns.NetException: ORA-12541: Cannot connect. No listener at host localhost port 1521. (CONNECTION_ID=Ctm5QASXTLG4kxpUZNsgoQ==)
https://docs.oracle.com/error-help/db/ora-12541/
	at oracle.net.nt.TcpNTAdapter.handleEstablishSocketException(TcpNTAdapter.java:414) ~[ojdbc11-23.5.0.24.07.jar:23.5.0.24.07]
	at oracle.net.nt.TcpNTAdapter.establishSocket(TcpNTAdapter.java:346) ~[ojdbc11-23.5.0.24.07.jar:23.5.0.24.07]
	at oracle.net.nt.TcpNTAdapter.connect(TcpNTAdapter.java:224) ~[ojdbc11-23.5.0.24.07.jar:23.5.0.24.07]
	at oracle.net.nt.ConnOption.connect(ConnOption.java:332) ~[ojdbc11-23.5.0.24.07.jar:23.5.0.24.07]
	at oracle.net.nt.ConnStrategy.executeConnOption(ConnStrategy.java:1222) ~[ojdbc11-23.5.0.24.07.jar:23.5.0.24.07]
	at oracle.net.nt.ConnStrategy.execute(ConnStrategy.java:761) ~[ojdbc11-23.5.0.24.07.jar:23.5.0.24.07]
	at oracle.net.resolver.AddrResolution.resolveAndExecute(AddrResolution.java:711) ~[ojdbc11-23.5.0.24.07.jar:23.5.0.24.07]
	at oracle.net.ns.NSProtocol.establishConnection(NSProtocol.java:959) ~[ojdbc11-23.5.0.24.07.jar:23.5.0.24.07]
	at oracle.net.ns.NSProtocol.connect(NSProtocol.java:328) ~[ojdbc11-23.5.0.24.07.jar:23.5.0.24.07]
	at oracle.jdbc.driver.T4CConnection.connectNetworkSessionProtocol(T4CConnection.java:3419) ~[ojdbc11-23.5.0.24.07.jar:23.5.0.24.07]
	at oracle.jdbc.driver.T4CConnection.logon(T4CConnection.java:1018) ~[ojdbc11-23.5.0.24.07.jar:23.5.0.24.07]
	at oracle.jdbc.driver.PhysicalConnection.connect(PhysicalConnection.java:1206) ~[ojdbc11-23.5.0.24.07.jar:23.5.0.24.07]
	at oracle.jdbc.driver.T4CDriverExtension.getConnection(T4CDriverExtension.java:105) ~[ojdbc11-23.5.0.24.07.jar:23.5.0.24.07]
	at oracle.jdbc.driver.OracleDriver.connect(OracleDriver.java:886) ~[ojdbc11-23.5.0.24.07.jar:23.5.0.24.07]
	at oracle.jdbc.driver.OracleDriver.connect(OracleDriver.java:693) ~[ojdbc11-23.5.0.24.07.jar:23.5.0.24.07]
	at com.zaxxer.hikari.util.DriverDataSource.getConnection(DriverDataSource.java:137) ~[HikariCP-5.1.0.jar:?]
	at com.zaxxer.hikari.pool.PoolBase.newConnection(PoolBase.java:360) ~[HikariCP-5.1.0.jar:?]
	at com.zaxxer.hikari.pool.PoolBase.newPoolEntry(PoolBase.java:202) ~[HikariCP-5.1.0.jar:?]
	at com.zaxxer.hikari.pool.HikariPool.createPoolEntry(HikariPool.java:461) ~[HikariCP-5.1.0.jar:?]
	at com.zaxxer.hikari.pool.HikariPool.checkFailFast(HikariPool.java:550) ~[HikariCP-5.1.0.jar:?]
	at com.zaxxer.hikari.pool.HikariPool.<init>(HikariPool.java:98) ~[HikariCP-5.1.0.jar:?]
	at com.zaxxer.hikari.HikariDataSource.getConnection(HikariDataSource.java:111) ~[HikariCP-5.1.0.jar:?]
	at org.hibernate.engine.jdbc.connections.internal.DatasourceConnectionProviderImpl.getConnection(DatasourceConnectionProviderImpl.java:126) ~[hibernate-core-6.6.13.Final.jar:6.6.13.Final]
	at org.hibernate.engine.jdbc.env.internal.JdbcEnvironmentInitiator$ConnectionProviderJdbcConnectionAccess.obtainConnection(JdbcEnvironmentInitiator.java:467) ~[hibernate-core-6.6.13.Final.jar:6.6.13.Final]
	at org.hibernate.resource.transaction.backend.jdbc.internal.JdbcIsolationDelegate.delegateWork(JdbcIsolationDelegate.java:61) ~[hibernate-core-6.6.13.Final.jar:6.6.13.Final]
	... 35 more
Caused by: java.net.ConnectException: Connection refused: getsockopt
	at java.base/sun.nio.ch.Net.pollConnect(Native Method) ~[?:?]
	at java.base/sun.nio.ch.Net.pollConnectNow(Net.java:639) ~[?:?]
	at java.base/sun.nio.ch.SocketChannelImpl.finishTimedConnect(SocketChannelImpl.java:1267) ~[?:?]
	at java.base/sun.nio.ch.SocketChannelImpl.blockingConnect(SocketChannelImpl.java:1309) ~[?:?]
	at java.base/sun.nio.ch.SocketAdaptor.connect(SocketAdaptor.java:106) ~[?:?]
	at oracle.net.nt.TimeoutSocketChannel.doConnect(TimeoutSocketChannel.java:288) ~[ojdbc11-23.5.0.24.07.jar:23.5.0.24.07]
	at oracle.net.nt.TimeoutSocketChannel.initializeSocketChannel(TimeoutSocketChannel.java:268) ~[ojdbc11-23.5.0.24.07.jar:23.5.0.24.07]
	at oracle.net.nt.TimeoutSocketChannel.connect(TimeoutSocketChannel.java:235) ~[ojdbc11-23.5.0.24.07.jar:23.5.0.24.07]
	at oracle.net.nt.TimeoutSocketChannel.<init>(TimeoutSocketChannel.java:202) ~[ojdbc11-23.5.0.24.07.jar:23.5.0.24.07]
	at oracle.net.nt.TcpNTAdapter.establishSocket(TcpNTAdapter.java:335) ~[ojdbc11-23.5.0.24.07.jar:23.5.0.24.07]
	at oracle.net.nt.TcpNTAdapter.connect(TcpNTAdapter.java:224) ~[ojdbc11-23.5.0.24.07.jar:23.5.0.24.07]
	at oracle.net.nt.ConnOption.connect(ConnOption.java:332) ~[ojdbc11-23.5.0.24.07.jar:23.5.0.24.07]
	at oracle.net.nt.ConnStrategy.executeConnOption(ConnStrategy.java:1222) ~[ojdbc11-23.5.0.24.07.jar:23.5.0.24.07]
	at oracle.net.nt.ConnStrategy.execute(ConnStrategy.java:761) ~[ojdbc11-23.5.0.24.07.jar:23.5.0.24.07]
	at oracle.net.resolver.AddrResolution.resolveAndExecute(AddrResolution.java:711) ~[ojdbc11-23.5.0.24.07.jar:23.5.0.24.07]
	at oracle.net.ns.NSProtocol.establishConnection(NSProtocol.java:959) ~[ojdbc11-23.5.0.24.07.jar:23.5.0.24.07]
	at oracle.net.ns.NSProtocol.connect(NSProtocol.java:328) ~[ojdbc11-23.5.0.24.07.jar:23.5.0.24.07]
	at oracle.jdbc.driver.T4CConnection.connectNetworkSessionProtocol(T4CConnection.java:3419) ~[ojdbc11-23.5.0.24.07.jar:23.5.0.24.07]
	at oracle.jdbc.driver.T4CConnection.logon(T4CConnection.java:1018) ~[ojdbc11-23.5.0.24.07.jar:23.5.0.24.07]
	at oracle.jdbc.driver.PhysicalConnection.connect(PhysicalConnection.java:1206) ~[ojdbc11-23.5.0.24.07.jar:23.5.0.24.07]
	at oracle.jdbc.driver.T4CDriverExtension.getConnection(T4CDriverExtension.java:105) ~[ojdbc11-23.5.0.24.07.jar:23.5.0.24.07]
	at oracle.jdbc.driver.OracleDriver.connect(OracleDriver.java:886) ~[ojdbc11-23.5.0.24.07.jar:23.5.0.24.07]
	at oracle.jdbc.driver.OracleDriver.connect(OracleDriver.java:693) ~[ojdbc11-23.5.0.24.07.jar:23.5.0.24.07]
	at com.zaxxer.hikari.util.DriverDataSource.getConnection(DriverDataSource.java:137) ~[HikariCP-5.1.0.jar:?]
	at com.zaxxer.hikari.pool.PoolBase.newConnection(PoolBase.java:360) ~[HikariCP-5.1.0.jar:?]
	at com.zaxxer.hikari.pool.PoolBase.newPoolEntry(PoolBase.java:202) ~[HikariCP-5.1.0.jar:?]
	at com.zaxxer.hikari.pool.HikariPool.createPoolEntry(HikariPool.java:461) ~[HikariCP-5.1.0.jar:?]
	at com.zaxxer.hikari.pool.HikariPool.checkFailFast(HikariPool.java:550) ~[HikariCP-5.1.0.jar:?]
	at com.zaxxer.hikari.pool.HikariPool.<init>(HikariPool.java:98) ~[HikariCP-5.1.0.jar:?]
	at com.zaxxer.hikari.HikariDataSource.getConnection(HikariDataSource.java:111) ~[HikariCP-5.1.0.jar:?]
	at org.hibernate.engine.jdbc.connections.internal.DatasourceConnectionProviderImpl.getConnection(DatasourceConnectionProviderImpl.java:126) ~[hibernate-core-6.6.13.Final.jar:6.6.13.Final]
	at org.hibernate.engine.jdbc.env.internal.JdbcEnvironmentInitiator$ConnectionProviderJdbcConnectionAccess.obtainConnection(JdbcEnvironmentInitiator.java:467) ~[hibernate-core-6.6.13.Final.jar:6.6.13.Final]
	at org.hibernate.resource.transaction.backend.jdbc.internal.JdbcIsolationDelegate.delegateWork(JdbcIsolationDelegate.java:61) ~[hibernate-core-6.6.13.Final.jar:6.6.13.Final]
	... 35 more
2026-10-09 04:29:52 [main] WARN  deprecation - HHH90000025: OracleDialect does not need to be specified explicitly using 'hibernate.dialect' (remove the property setting and it will be selected by default)
2026-10-09 04:29:52 [main] INFO  pooling - HHH10001005: Database info:
	Database JDBC URL [Connecting through datasource 'HikariDataSource (null)']
	Database driver: undefined/unknown
	Database version: 19.0
	Autocommit mode: undefined/unknown
	Isolation level: undefined/unknown
	Minimum pool size: undefined/unknown
	Maximum pool size: undefined/unknown
2026-10-09 04:29:53 [main] INFO  JtaPlatformInitiator - HHH000489: No JTA platform available (set 'hibernate.transaction.jta.platform' to enable JTA platform integration)
2026-10-09 04:29:53 [main] INFO  HikariDataSource - HikariPool-1 - Starting...
2026-10-09 04:29:54 [main] WARN  SqlExceptionHelper - SQL Error: 12541, SQLState: 66000
2026-10-09 04:29:54 [main] ERROR SqlExceptionHelper - ORA-12541: Cannot connect. No listener at host localhost port 1521. (CONNECTION_ID=aFINkW+sQe+fb7J9RHok0Q==)
https://docs.oracle.com/error-help/db/ora-12541/
2026-10-09 04:29:54 [main] ERROR LocalContainerEntityManagerFactoryBean - Failed to initialize JPA EntityManagerFactory: [PersistenceUnit: default] Unable to build Hibernate SessionFactory; nested exception is org.hibernate.exception.GenericJDBCException: Unable to open JDBC Connection for DDL execution [ORA-12541: Cannot connect. No listener at host localhost port 1521. (CONNECTION_ID=aFINkW+sQe+fb7J9RHok0Q==)
https://docs.oracle.com/error-help/db/ora-12541/] [n/a]
2026-10-09 04:29:54 [main] WARN  AnnotationConfigServletWebServerApplicationContext - Exception encountered during context initialization - cancelling refresh attempt: org.springframework.beans.factory.BeanCreationException: Error creating bean with name 'entityManagerFactory' defined in class path resource [org/springframework/boot/autoconfigure/orm/jpa/HibernateJpaConfiguration.class]: [PersistenceUnit: default] Unable to build Hibernate SessionFactory; nested exception is org.hibernate.exception.GenericJDBCException: Unable to open JDBC Connection for DDL execution [ORA-12541: Cannot connect. No listener at host localhost port 1521. (CONNECTION_ID=aFINkW+sQe+fb7J9RHok0Q==)
https://docs.oracle.com/error-help/db/ora-12541/] [n/a]
2026-10-09 04:29:54 [main] INFO  StandardService - Stopping service [Tomcat]
2026-10-09 04:29:54 [main] INFO  ConditionEvaluationReportLogger - 

Error starting ApplicationContext. To display the condition evaluation report re-run your application with 'debug' enabled.
2026-10-09 04:29:54 [main] ERROR SpringApplication - Application run failed
org.springframework.beans.factory.BeanCreationException: Error creating bean with name 'entityManagerFactory' defined in class path resource [org/springframework/boot/autoconfigure/orm/jpa/HibernateJpaConfiguration.class]: [PersistenceUnit: default] Unable to build Hibernate SessionFactory; nested exception is org.hibernate.exception.GenericJDBCException: Unable to open JDBC Connection for DDL execution [ORA-12541: Cannot connect. No listener at host localhost port 1521. (CONNECTION_ID=aFINkW+sQe+fb7J9RHok0Q==)
https://docs.oracle.com/error-help/db/ora-12541/] [n/a]
	at org.springframework.beans.factory.support.AbstractAutowireCapableBeanFactory.initializeBean(AbstractAutowireCapableBeanFactory.java:1818) ~[spring-beans-6.2.6.jar:6.2.6]
	at org.springframework.beans.factory.support.AbstractAutowireCapableBeanFactory.doCreateBean(AbstractAutowireCapableBeanFactory.java:607) ~[spring-beans-6.2.6.jar:6.2.6]
	at org.springframework.beans.factory.support.AbstractAutowireCapableBeanFactory.createBean(AbstractAutowireCapableBeanFactory.java:529) ~[spring-beans-6.2.6.jar:6.2.6]
	at org.springframework.beans.factory.support.AbstractBeanFactory.lambda$doGetBean$0(AbstractBeanFactory.java:339) ~[spring-beans-6.2.6.jar:6.2.6]
	at org.springframework.beans.factory.support.DefaultSingletonBeanRegistry.getSingleton(DefaultSingletonBeanRegistry.java:371) ~[spring-beans-6.2.6.jar:6.2.6]
	at org.springframework.beans.factory.support.AbstractBeanFactory.doGetBean(AbstractBeanFactory.java:337) ~[spring-beans-6.2.6.jar:6.2.6]
	at org.springframework.beans.factory.support.AbstractBeanFactory.getBean(AbstractBeanFactory.java:207) ~[spring-beans-6.2.6.jar:6.2.6]
	at org.springframework.context.support.AbstractApplicationContext.finishBeanFactoryInitialization(AbstractApplicationContext.java:970) ~[spring-context-6.2.6.jar:6.2.6]
	at org.springframework.context.support.AbstractApplicationContext.refresh(AbstractApplicationContext.java:627) ~[spring-context-6.2.6.jar:6.2.6]
	at org.springframework.boot.web.servlet.context.ServletWebServerApplicationContext.refresh(ServletWebServerApplicationContext.java:146) ~[spring-boot-3.4.5.jar:3.4.5]
	at org.springframework.boot.SpringApplication.refresh(SpringApplication.java:753) [spring-boot-3.4.5.jar:3.4.5]
	at org.springframework.boot.SpringApplication.refreshContext(SpringApplication.java:439) [spring-boot-3.4.5.jar:3.4.5]
	at org.springframework.boot.SpringApplication.run(SpringApplication.java:318) [spring-boot-3.4.5.jar:3.4.5]
	at org.springframework.boot.SpringApplication.run(SpringApplication.java:1362) [spring-boot-3.4.5.jar:3.4.5]
	at org.springframework.boot.SpringApplication.run(SpringApplication.java:1351) [spring-boot-3.4.5.jar:3.4.5]
	at com.ezpay.EzPayApplication.main(EzPayApplication.java:9) [classes/:?]
Caused by: jakarta.persistence.PersistenceException: [PersistenceUnit: default] Unable to build Hibernate SessionFactory; nested exception is org.hibernate.exception.GenericJDBCException: Unable to open JDBC Connection for DDL execution [ORA-12541: Cannot connect. No listener at host localhost port 1521. (CONNECTION_ID=aFINkW+sQe+fb7J9RHok0Q==)
https://docs.oracle.com/error-help/db/ora-12541/] [n/a]
	at org.springframework.orm.jpa.AbstractEntityManagerFactoryBean.buildNativeEntityManagerFactory(AbstractEntityManagerFactoryBean.java:431) ~[spring-orm-6.2.6.jar:6.2.6]
	at org.springframework.orm.jpa.AbstractEntityManagerFactoryBean.afterPropertiesSet(AbstractEntityManagerFactoryBean.java:400) ~[spring-orm-6.2.6.jar:6.2.6]
	at org.springframework.orm.jpa.LocalContainerEntityManagerFactoryBean.afterPropertiesSet(LocalContainerEntityManagerFactoryBean.java:366) ~[spring-orm-6.2.6.jar:6.2.6]
	at org.springframework.beans.factory.support.AbstractAutowireCapableBeanFactory.invokeInitMethods(AbstractAutowireCapableBeanFactory.java:1865) ~[spring-beans-6.2.6.jar:6.2.6]
	at org.springframework.beans.factory.support.AbstractAutowireCapableBeanFactory.initializeBean(AbstractAutowireCapableBeanFactory.java:1814) ~[spring-beans-6.2.6.jar:6.2.6]
	... 15 more
Caused by: org.hibernate.exception.GenericJDBCException: Unable to open JDBC Connection for DDL execution [ORA-12541: Cannot connect. No listener at host localhost port 1521. (CONNECTION_ID=aFINkW+sQe+fb7J9RHok0Q==)
https://docs.oracle.com/error-help/db/ora-12541/] [n/a]
	at org.hibernate.exception.internal.StandardSQLExceptionConverter.convert(StandardSQLExceptionConverter.java:63) ~[hibernate-core-6.6.13.Final.jar:6.6.13.Final]
	at org.hibernate.engine.jdbc.spi.SqlExceptionHelper.convert(SqlExceptionHelper.java:108) ~[hibernate-core-6.6.13.Final.jar:6.6.13.Final]
	at org.hibernate.engine.jdbc.spi.SqlExceptionHelper.convert(SqlExceptionHelper.java:94) ~[hibernate-core-6.6.13.Final.jar:6.6.13.Final]
	at org.hibernate.resource.transaction.backend.jdbc.internal.DdlTransactionIsolatorNonJtaImpl.getIsolatedConnection(DdlTransactionIsolatorNonJtaImpl.java:74) ~[hibernate-core-6.6.13.Final.jar:6.6.13.Final]
	at org.hibernate.resource.transaction.backend.jdbc.internal.DdlTransactionIsolatorNonJtaImpl.getIsolatedConnection(DdlTransactionIsolatorNonJtaImpl.java:39) ~[hibernate-core-6.6.13.Final.jar:6.6.13.Final]
	at org.hibernate.tool.schema.internal.exec.ImprovedExtractionContextImpl.getJdbcConnection(ImprovedExtractionContextImpl.java:63) ~[hibernate-core-6.6.13.Final.jar:6.6.13.Final]
	at org.hibernate.tool.schema.extract.spi.ExtractionContext.getQueryResults(ExtractionContext.java:43) ~[hibernate-core-6.6.13.Final.jar:6.6.13.Final]
	at org.hibernate.tool.schema.extract.internal.SequenceInformationExtractorLegacyImpl.extractMetadata(SequenceInformationExtractorLegacyImpl.java:39) ~[hibernate-core-6.6.13.Final.jar:6.6.13.Final]
	at org.hibernate.tool.schema.extract.internal.DatabaseInformationImpl.initializeSequences(DatabaseInformationImpl.java:66) ~[hibernate-core-6.6.13.Final.jar:6.6.13.Final]
	at org.hibernate.tool.schema.extract.internal.DatabaseInformationImpl.<init>(DatabaseInformationImpl.java:60) ~[hibernate-core-6.6.13.Final.jar:6.6.13.Final]
	at org.hibernate.tool.schema.internal.Helper.buildDatabaseInformation(Helper.java:185) ~[hibernate-core-6.6.13.Final.jar:6.6.13.Final]
	at org.hibernate.tool.schema.internal.AbstractSchemaValidator.doValidation(AbstractSchemaValidator.java:69) ~[hibernate-core-6.6.13.Final.jar:6.6.13.Final]
	at org.hibernate.tool.schema.spi.SchemaManagementToolCoordinator.performDatabaseAction(SchemaManagementToolCoordinator.java:289) ~[hibernate-core-6.6.13.Final.jar:6.6.13.Final]
	at org.hibernate.tool.schema.spi.SchemaManagementToolCoordinator.lambda$process$5(SchemaManagementToolCoordinator.java:144) ~[hibernate-core-6.6.13.Final.jar:6.6.13.Final]
	at java.base/java.util.HashMap.forEach(HashMap.java:1430) ~[?:?]
	at org.hibernate.tool.schema.spi.SchemaManagementToolCoordinator.process(SchemaManagementToolCoordinator.java:141) ~[hibernate-core-6.6.13.Final.jar:6.6.13.Final]
	at org.hibernate.boot.internal.SessionFactoryObserverForSchemaExport.sessionFactoryCreated(SessionFactoryObserverForSchemaExport.java:37) ~[hibernate-core-6.6.13.Final.jar:6.6.13.Final]
	at org.hibernate.internal.SessionFactoryObserverChain.sessionFactoryCreated(SessionFactoryObserverChain.java:35) ~[hibernate-core-6.6.13.Final.jar:6.6.13.Final]
	at org.hibernate.internal.SessionFactoryImpl.<init>(SessionFactoryImpl.java:324) ~[hibernate-core-6.6.13.Final.jar:6.6.13.Final]
	at org.hibernate.boot.internal.SessionFactoryBuilderImpl.build(SessionFactoryBuilderImpl.java:463) ~[hibernate-core-6.6.13.Final.jar:6.6.13.Final]
	at org.hibernate.jpa.boot.internal.EntityManagerFactoryBuilderImpl.build(EntityManagerFactoryBuilderImpl.java:1517) ~[hibernate-core-6.6.13.Final.jar:6.6.13.Final]
	at org.springframework.orm.jpa.vendor.SpringHibernateJpaPersistenceProvider.createContainerEntityManagerFactory(SpringHibernateJpaPersistenceProvider.java:66) ~[spring-orm-6.2.6.jar:6.2.6]
	at org.springframework.orm.jpa.LocalContainerEntityManagerFactoryBean.createNativeEntityManagerFactory(LocalContainerEntityManagerFactoryBean.java:390) ~[spring-orm-6.2.6.jar:6.2.6]
	at org.springframework.orm.jpa.AbstractEntityManagerFactoryBean.buildNativeEntityManagerFactory(AbstractEntityManagerFactoryBean.java:419) ~[spring-orm-6.2.6.jar:6.2.6]
	at org.springframework.orm.jpa.AbstractEntityManagerFactoryBean.afterPropertiesSet(AbstractEntityManagerFactoryBean.java:400) ~[spring-orm-6.2.6.jar:6.2.6]
	at org.springframework.orm.jpa.LocalContainerEntityManagerFactoryBean.afterPropertiesSet(LocalContainerEntityManagerFactoryBean.java:366) ~[spring-orm-6.2.6.jar:6.2.6]
	at org.springframework.beans.factory.support.AbstractAutowireCapableBeanFactory.invokeInitMethods(AbstractAutowireCapableBeanFactory.java:1865) ~[spring-beans-6.2.6.jar:6.2.6]
	at org.springframework.beans.factory.support.AbstractAutowireCapableBeanFactory.initializeBean(AbstractAutowireCapableBeanFactory.java:1814) ~[spring-beans-6.2.6.jar:6.2.6]
	... 15 more
Caused by: java.sql.SQLException: ORA-12541: Cannot connect. No listener at host localhost port 1521. (CONNECTION_ID=aFINkW+sQe+fb7J9RHok0Q==)
https://docs.oracle.com/error-help/db/ora-12541/
	at oracle.jdbc.driver.T4CConnection.handleLogonNetException(T4CConnection.java:1617) ~[ojdbc11-23.5.0.24.07.jar:23.5.0.24.07]
	at oracle.jdbc.driver.T4CConnection.logon(T4CConnection.java:1139) ~[ojdbc11-23.5.0.24.07.jar:23.5.0.24.07]
	at oracle.jdbc.driver.PhysicalConnection.connect(PhysicalConnection.java:1206) ~[ojdbc11-23.5.0.24.07.jar:23.5.0.24.07]
	at oracle.jdbc.driver.T4CDriverExtension.getConnection(T4CDriverExtension.java:105) ~[ojdbc11-23.5.0.24.07.jar:23.5.0.24.07]
	at oracle.jdbc.driver.OracleDriver.connect(OracleDriver.java:886) ~[ojdbc11-23.5.0.24.07.jar:23.5.0.24.07]
	at oracle.jdbc.driver.OracleDriver.connect(OracleDriver.java:693) ~[ojdbc11-23.5.0.24.07.jar:23.5.0.24.07]
	at com.zaxxer.hikari.util.DriverDataSource.getConnection(DriverDataSource.java:137) ~[HikariCP-5.1.0.jar:?]
	at com.zaxxer.hikari.pool.PoolBase.newConnection(PoolBase.java:360) ~[HikariCP-5.1.0.jar:?]
	at com.zaxxer.hikari.pool.PoolBase.newPoolEntry(PoolBase.java:202) ~[HikariCP-5.1.0.jar:?]
	at com.zaxxer.hikari.pool.HikariPool.createPoolEntry(HikariPool.java:461) ~[HikariCP-5.1.0.jar:?]
	at com.zaxxer.hikari.pool.HikariPool.checkFailFast(HikariPool.java:550) ~[HikariCP-5.1.0.jar:?]
	at com.zaxxer.hikari.pool.HikariPool.<init>(HikariPool.java:98) ~[HikariCP-5.1.0.jar:?]
	at com.zaxxer.hikari.HikariDataSource.getConnection(HikariDataSource.java:111) ~[HikariCP-5.1.0.jar:?]
	at org.hibernate.engine.jdbc.connections.internal.DatasourceConnectionProviderImpl.getConnection(DatasourceConnectionProviderImpl.java:126) ~[hibernate-core-6.6.13.Final.jar:6.6.13.Final]
	at org.hibernate.engine.jdbc.env.internal.JdbcEnvironmentInitiator$ConnectionProviderJdbcConnectionAccess.obtainConnection(JdbcEnvironmentInitiator.java:467) ~[hibernate-core-6.6.13.Final.jar:6.6.13.Final]
	at org.hibernate.resource.transaction.backend.jdbc.internal.DdlTransactionIsolatorNonJtaImpl.getIsolatedConnection(DdlTransactionIsolatorNonJtaImpl.java:46) ~[hibernate-core-6.6.13.Final.jar:6.6.13.Final]
	at org.hibernate.resource.transaction.backend.jdbc.internal.DdlTransactionIsolatorNonJtaImpl.getIsolatedConnection(DdlTransactionIsolatorNonJtaImpl.java:39) ~[hibernate-core-6.6.13.Final.jar:6.6.13.Final]
	at org.hibernate.tool.schema.internal.exec.ImprovedExtractionContextImpl.getJdbcConnection(ImprovedExtractionContextImpl.java:63) ~[hibernate-core-6.6.13.Final.jar:6.6.13.Final]
	at org.hibernate.tool.schema.extract.spi.ExtractionContext.getQueryResults(ExtractionContext.java:43) ~[hibernate-core-6.6.13.Final.jar:6.6.13.Final]
	at org.hibernate.tool.schema.extract.internal.SequenceInformationExtractorLegacyImpl.extractMetadata(SequenceInformationExtractorLegacyImpl.java:39) ~[hibernate-core-6.6.13.Final.jar:6.6.13.Final]
	at org.hibernate.tool.schema.extract.internal.DatabaseInformationImpl.initializeSequences(DatabaseInformationImpl.java:66) ~[hibernate-core-6.6.13.Final.jar:6.6.13.Final]
	at org.hibernate.tool.schema.extract.internal.DatabaseInformationImpl.<init>(DatabaseInformationImpl.java:60) ~[hibernate-core-6.6.13.Final.jar:6.6.13.Final]
	at org.hibernate.tool.schema.internal.Helper.buildDatabaseInformation(Helper.java:185) ~[hibernate-core-6.6.13.Final.jar:6.6.13.Final]
	at org.hibernate.tool.schema.internal.AbstractSchemaValidator.doValidation(AbstractSchemaValidator.java:69) ~[hibernate-core-6.6.13.Final.jar:6.6.13.Final]
	at org.hibernate.tool.schema.spi.SchemaManagementToolCoordinator.performDatabaseAction(SchemaManagementToolCoordinator.java:289) ~[hibernate-core-6.6.13.Final.jar:6.6.13.Final]
	at org.hibernate.tool.schema.spi.SchemaManagementToolCoordinator.lambda$process$5(SchemaManagementToolCoordinator.java:144) ~[hibernate-core-6.6.13.Final.jar:6.6.13.Final]
	at java.base/java.util.HashMap.forEach(HashMap.java:1430) ~[?:?]
	at org.hibernate.tool.schema.spi.SchemaManagementToolCoordinator.process(SchemaManagementToolCoordinator.java:141) ~[hibernate-core-6.6.13.Final.jar:6.6.13.Final]
	at org.hibernate.boot.internal.SessionFactoryObserverForSchemaExport.sessionFactoryCreated(SessionFactoryObserverForSchemaExport.java:37) ~[hibernate-core-6.6.13.Final.jar:6.6.13.Final]
	at org.hibernate.internal.SessionFactoryObserverChain.sessionFactoryCreated(SessionFactoryObserverChain.java:35) ~[hibernate-core-6.6.13.Final.jar:6.6.13.Final]
	at org.hibernate.internal.SessionFactoryImpl.<init>(SessionFactoryImpl.java:324) ~[hibernate-core-6.6.13.Final.jar:6.6.13.Final]
	at org.hibernate.boot.internal.SessionFactoryBuilderImpl.build(SessionFactoryBuilderImpl.java:463) ~[hibernate-core-6.6.13.Final.jar:6.6.13.Final]
	at org.hibernate.jpa.boot.internal.EntityManagerFactoryBuilderImpl.build(EntityManagerFactoryBuilderImpl.java:1517) ~[hibernate-core-6.6.13.Final.jar:6.6.13.Final]
	at org.springframework.orm.jpa.vendor.SpringHibernateJpaPersistenceProvider.createContainerEntityManagerFactory(SpringHibernateJpaPersistenceProvider.java:66) ~[spring-orm-6.2.6.jar:6.2.6]
	at org.springframework.orm.jpa.LocalContainerEntityManagerFactoryBean.createNativeEntityManagerFactory(LocalContainerEntityManagerFactoryBean.java:390) ~[spring-orm-6.2.6.jar:6.2.6]
	at org.springframework.orm.jpa.AbstractEntityManagerFactoryBean.buildNativeEntityManagerFactory(AbstractEntityManagerFactoryBean.java:419) ~[spring-orm-6.2.6.jar:6.2.6]
	at org.springframework.orm.jpa.AbstractEntityManagerFactoryBean.afterPropertiesSet(AbstractEntityManagerFactoryBean.java:400) ~[spring-orm-6.2.6.jar:6.2.6]
	at org.springframework.orm.jpa.LocalContainerEntityManagerFactoryBean.afterPropertiesSet(LocalContainerEntityManagerFactoryBean.java:366) ~[spring-orm-6.2.6.jar:6.2.6]
	at org.springframework.beans.factory.support.AbstractAutowireCapableBeanFactory.invokeInitMethods(AbstractAutowireCapableBeanFactory.java:1865) ~[spring-beans-6.2.6.jar:6.2.6]
	at org.springframework.beans.factory.support.AbstractAutowireCapableBeanFactory.initializeBean(AbstractAutowireCapableBeanFactory.java:1814) ~[spring-beans-6.2.6.jar:6.2.6]
	... 15 more
Caused by: oracle.net.ns.NetException: ORA-12541: Cannot connect. No listener at host localhost port 1521. (CONNECTION_ID=aFINkW+sQe+fb7J9RHok0Q==)
https://docs.oracle.com/error-help/db/ora-12541/
	at oracle.net.nt.TcpNTAdapter.handleEstablishSocketException(TcpNTAdapter.java:414) ~[ojdbc11-23.5.0.24.07.jar:23.5.0.24.07]
	at oracle.net.nt.TcpNTAdapter.establishSocket(TcpNTAdapter.java:346) ~[ojdbc11-23.5.0.24.07.jar:23.5.0.24.07]
	at oracle.net.nt.TcpNTAdapter.connect(TcpNTAdapter.java:224) ~[ojdbc11-23.5.0.24.07.jar:23.5.0.24.07]
	at oracle.net.nt.ConnOption.connect(ConnOption.java:332) ~[ojdbc11-23.5.0.24.07.jar:23.5.0.24.07]
	at oracle.net.nt.ConnStrategy.executeConnOption(ConnStrategy.java:1222) ~[ojdbc11-23.5.0.24.07.jar:23.5.0.24.07]
	at oracle.net.nt.ConnStrategy.execute(ConnStrategy.java:761) ~[ojdbc11-23.5.0.24.07.jar:23.5.0.24.07]
	at oracle.net.resolver.AddrResolution.resolveAndExecute(AddrResolution.java:711) ~[ojdbc11-23.5.0.24.07.jar:23.5.0.24.07]
	at oracle.net.ns.NSProtocol.establishConnection(NSProtocol.java:959) ~[ojdbc11-23.5.0.24.07.jar:23.5.0.24.07]
	at oracle.net.ns.NSProtocol.connect(NSProtocol.java:328) ~[ojdbc11-23.5.0.24.07.jar:23.5.0.24.07]
	at oracle.jdbc.driver.T4CConnection.connectNetworkSessionProtocol(T4CConnection.java:3419) ~[ojdbc11-23.5.0.24.07.jar:23.5.0.24.07]
	at oracle.jdbc.driver.T4CConnection.logon(T4CConnection.java:1018) ~[ojdbc11-23.5.0.24.07.jar:23.5.0.24.07]
	at oracle.jdbc.driver.PhysicalConnection.connect(PhysicalConnection.java:1206) ~[ojdbc11-23.5.0.24.07.jar:23.5.0.24.07]
	at oracle.jdbc.driver.T4CDriverExtension.getConnection(T4CDriverExtension.java:105) ~[ojdbc11-23.5.0.24.07.jar:23.5.0.24.07]
	at oracle.jdbc.driver.OracleDriver.connect(OracleDriver.java:886) ~[ojdbc11-23.5.0.24.07.jar:23.5.0.24.07]
	at oracle.jdbc.driver.OracleDriver.connect(OracleDriver.java:693) ~[ojdbc11-23.5.0.24.07.jar:23.5.0.24.07]
	at com.zaxxer.hikari.util.DriverDataSource.getConnection(DriverDataSource.java:137) ~[HikariCP-5.1.0.jar:?]
	at com.zaxxer.hikari.pool.PoolBase.newConnection(PoolBase.java:360) ~[HikariCP-5.1.0.jar:?]
	at com.zaxxer.hikari.pool.PoolBase.newPoolEntry(PoolBase.java:202) ~[HikariCP-5.1.0.jar:?]
	at com.zaxxer.hikari.pool.HikariPool.createPoolEntry(HikariPool.java:461) ~[HikariCP-5.1.0.jar:?]
	at com.zaxxer.hikari.pool.HikariPool.checkFailFast(HikariPool.java:550) ~[HikariCP-5.1.0.jar:?]
	at com.zaxxer.hikari.pool.HikariPool.<init>(HikariPool.java:98) ~[HikariCP-5.1.0.jar:?]
	at com.zaxxer.hikari.HikariDataSource.getConnection(HikariDataSource.java:111) ~[HikariCP-5.1.0.jar:?]
	at org.hibernate.engine.jdbc.connections.internal.DatasourceConnectionProviderImpl.getConnection(DatasourceConnectionProviderImpl.java:126) ~[hibernate-core-6.6.13.Final.jar:6.6.13.Final]
	at org.hibernate.engine.jdbc.env.internal.JdbcEnvironmentInitiator$ConnectionProviderJdbcConnectionAccess.obtainConnection(JdbcEnvironmentInitiator.java:467) ~[hibernate-core-6.6.13.Final.jar:6.6.13.Final]
	at org.hibernate.resource.transaction.backend.jdbc.internal.DdlTransactionIsolatorNonJtaImpl.getIsolatedConnection(DdlTransactionIsolatorNonJtaImpl.java:46) ~[hibernate-core-6.6.13.Final.jar:6.6.13.Final]
	at org.hibernate.resource.transaction.backend.jdbc.internal.DdlTransactionIsolatorNonJtaImpl.getIsolatedConnection(DdlTransactionIsolatorNonJtaImpl.java:39) ~[hibernate-core-6.6.13.Final.jar:6.6.13.Final]
	at org.hibernate.tool.schema.internal.exec.ImprovedExtractionContextImpl.getJdbcConnection(ImprovedExtractionContextImpl.java:63) ~[hibernate-core-6.6.13.Final.jar:6.6.13.Final]
	at org.hibernate.tool.schema.extract.spi.ExtractionContext.getQueryResults(ExtractionContext.java:43) ~[hibernate-core-6.6.13.Final.jar:6.6.13.Final]
	at org.hibernate.tool.schema.extract.internal.SequenceInformationExtractorLegacyImpl.extractMetadata(SequenceInformationExtractorLegacyImpl.java:39) ~[hibernate-core-6.6.13.Final.jar:6.6.13.Final]
	at org.hibernate.tool.schema.extract.internal.DatabaseInformationImpl.initializeSequences(DatabaseInformationImpl.java:66) ~[hibernate-core-6.6.13.Final.jar:6.6.13.Final]
	at org.hibernate.tool.schema.extract.internal.DatabaseInformationImpl.<init>(DatabaseInformationImpl.java:60) ~[hibernate-core-6.6.13.Final.jar:6.6.13.Final]
	at org.hibernate.tool.schema.internal.Helper.buildDatabaseInformation(Helper.java:185) ~[hibernate-core-6.6.13.Final.jar:6.6.13.Final]
	at org.hibernate.tool.schema.internal.AbstractSchemaValidator.doValidation(AbstractSchemaValidator.java:69) ~[hibernate-core-6.6.13.Final.jar:6.6.13.Final]
	at org.hibernate.tool.schema.spi.SchemaManagementToolCoordinator.performDatabaseAction(SchemaManagementToolCoordinator.java:289) ~[hibernate-core-6.6.13.Final.jar:6.6.13.Final]
	at org.hibernate.tool.schema.spi.SchemaManagementToolCoordinator.lambda$process$5(SchemaManagementToolCoordinator.java:144) ~[hibernate-core-6.6.13.Final.jar:6.6.13.Final]
	at java.base/java.util.HashMap.forEach(HashMap.java:1430) ~[?:?]
	at org.hibernate.tool.schema.spi.SchemaManagementToolCoordinator.process(SchemaManagementToolCoordinator.java:141) ~[hibernate-core-6.6.13.Final.jar:6.6.13.Final]
	at org.hibernate.boot.internal.SessionFactoryObserverForSchemaExport.sessionFactoryCreated(SessionFactoryObserverForSchemaExport.java:37) ~[hibernate-core-6.6.13.Final.jar:6.6.13.Final]
	at org.hibernate.internal.SessionFactoryObserverChain.sessionFactoryCreated(SessionFactoryObserverChain.java:35) ~[hibernate-core-6.6.13.Final.jar:6.6.13.Final]
	at org.hibernate.internal.SessionFactoryImpl.<init>(SessionFactoryImpl.java:324) ~[hibernate-core-6.6.13.Final.jar:6.6.13.Final]
	at org.hibernate.boot.internal.SessionFactoryBuilderImpl.build(SessionFactoryBuilderImpl.java:463) ~[hibernate-core-6.6.13.Final.jar:6.6.13.Final]
	at org.hibernate.jpa.boot.internal.EntityManagerFactoryBuilderImpl.build(EntityManagerFactoryBuilderImpl.java:1517) ~[hibernate-core-6.6.13.Final.jar:6.6.13.Final]
	at org.springframework.orm.jpa.vendor.SpringHibernateJpaPersistenceProvider.createContainerEntityManagerFactory(SpringHibernateJpaPersistenceProvider.java:66) ~[spring-orm-6.2.6.jar:6.2.6]
	at org.springframework.orm.jpa.LocalContainerEntityManagerFactoryBean.createNativeEntityManagerFactory(LocalContainerEntityManagerFactoryBean.java:390) ~[spring-orm-6.2.6.jar:6.2.6]
	at org.springframework.orm.jpa.AbstractEntityManagerFactoryBean.buildNativeEntityManagerFactory(AbstractEntityManagerFactoryBean.java:419) ~[spring-orm-6.2.6.jar:6.2.6]
	at org.springframework.orm.jpa.AbstractEntityManagerFactoryBean.afterPropertiesSet(AbstractEntityManagerFactoryBean.java:400) ~[spring-orm-6.2.6.jar:6.2.6]
	at org.springframework.orm.jpa.LocalContainerEntityManagerFactoryBean.afterPropertiesSet(LocalContainerEntityManagerFactoryBean.java:366) ~[spring-orm-6.2.6.jar:6.2.6]
	at org.springframework.beans.factory.support.AbstractAutowireCapableBeanFactory.invokeInitMethods(AbstractAutowireCapableBeanFactory.java:1865) ~[spring-beans-6.2.6.jar:6.2.6]
	at org.springframework.beans.factory.support.AbstractAutowireCapableBeanFactory.initializeBean(AbstractAutowireCapableBeanFactory.java:1814) ~[spring-beans-6.2.6.jar:6.2.6]
	... 15 more
Caused by: java.net.ConnectException: Connection refused: getsockopt
	at java.base/sun.nio.ch.Net.pollConnect(Native Method) ~[?:?]
	at java.base/sun.nio.ch.Net.pollConnectNow(Net.java:639) ~[?:?]
	at java.base/sun.nio.ch.SocketChannelImpl.finishTimedConnect(SocketChannelImpl.java:1267) ~[?:?]
	at java.base/sun.nio.ch.SocketChannelImpl.blockingConnect(SocketChannelImpl.java:1309) ~[?:?]
	at java.base/sun.nio.ch.SocketAdaptor.connect(SocketAdaptor.java:106) ~[?:?]
	at oracle.net.nt.TimeoutSocketChannel.doConnect(TimeoutSocketChannel.java:288) ~[ojdbc11-23.5.0.24.07.jar:23.5.0.24.07]
	at oracle.net.nt.TimeoutSocketChannel.initializeSocketChannel(TimeoutSocketChannel.java:268) ~[ojdbc11-23.5.0.24.07.jar:23.5.0.24.07]
	at oracle.net.nt.TimeoutSocketChannel.connect(TimeoutSocketChannel.java:235) ~[ojdbc11-23.5.0.24.07.jar:23.5.0.24.07]
	at oracle.net.nt.TimeoutSocketChannel.<init>(TimeoutSocketChannel.java:202) ~[ojdbc11-23.5.0.24.07.jar:23.5.0.24.07]
	at oracle.net.nt.TcpNTAdapter.establishSocket(TcpNTAdapter.java:335) ~[ojdbc11-23.5.0.24.07.jar:23.5.0.24.07]
	at oracle.net.nt.TcpNTAdapter.connect(TcpNTAdapter.java:224) ~[ojdbc11-23.5.0.24.07.jar:23.5.0.24.07]
	at oracle.net.nt.ConnOption.connect(ConnOption.java:332) ~[ojdbc11-23.5.0.24.07.jar:23.5.0.24.07]
	at oracle.net.nt.ConnStrategy.executeConnOption(ConnStrategy.java:1222) ~[ojdbc11-23.5.0.24.07.jar:23.5.0.24.07]
	at oracle.net.nt.ConnStrategy.execute(ConnStrategy.java:761) ~[ojdbc11-23.5.0.24.07.jar:23.5.0.24.07]
	at oracle.net.resolver.AddrResolution.resolveAndExecute(AddrResolution.java:711) ~[ojdbc11-23.5.0.24.07.jar:23.5.0.24.07]
	at oracle.net.ns.NSProtocol.establishConnection(NSProtocol.java:959) ~[ojdbc11-23.5.0.24.07.jar:23.5.0.24.07]
	at oracle.net.ns.NSProtocol.connect(NSProtocol.java:328) ~[ojdbc11-23.5.0.24.07.jar:23.5.0.24.07]
	at oracle.jdbc.driver.T4CConnection.connectNetworkSessionProtocol(T4CConnection.java:3419) ~[ojdbc11-23.5.0.24.07.jar:23.5.0.24.07]
	at oracle.jdbc.driver.T4CConnection.logon(T4CConnection.java:1018) ~[ojdbc11-23.5.0.24.07.jar:23.5.0.24.07]
	at oracle.jdbc.driver.PhysicalConnection.connect(PhysicalConnection.java:1206) ~[ojdbc11-23.5.0.24.07.jar:23.5.0.24.07]
	at oracle.jdbc.driver.T4CDriverExtension.getConnection(T4CDriverExtension.java:105) ~[ojdbc11-23.5.0.24.07.jar:23.5.0.24.07]
	at oracle.jdbc.driver.OracleDriver.connect(OracleDriver.java:886) ~[ojdbc11-23.5.0.24.07.jar:23.5.0.24.07]
	at oracle.jdbc.driver.OracleDriver.connect(OracleDriver.java:693) ~[ojdbc11-23.5.0.24.07.jar:23.5.0.24.07]
	at com.zaxxer.hikari.util.DriverDataSource.getConnection(DriverDataSource.java:137) ~[HikariCP-5.1.0.jar:?]
	at com.zaxxer.hikari.pool.PoolBase.newConnection(PoolBase.java:360) ~[HikariCP-5.1.0.jar:?]
	at com.zaxxer.hikari.pool.PoolBase.newPoolEntry(PoolBase.java:202) ~[HikariCP-5.1.0.jar:?]
	at com.zaxxer.hikari.pool.HikariPool.createPoolEntry(HikariPool.java:461) ~[HikariCP-5.1.0.jar:?]
	at com.zaxxer.hikari.pool.HikariPool.checkFailFast(HikariPool.java:550) ~[HikariCP-5.1.0.jar:?]
	at com.zaxxer.hikari.pool.HikariPool.<init>(HikariPool.java:98) ~[HikariCP-5.1.0.jar:?]
	at com.zaxxer.hikari.HikariDataSource.getConnection(HikariDataSource.java:111) ~[HikariCP-5.1.0.jar:?]
	at org.hibernate.engine.jdbc.connections.internal.DatasourceConnectionProviderImpl.getConnection(DatasourceConnectionProviderImpl.java:126) ~[hibernate-core-6.6.13.Final.jar:6.6.13.Final]
	at org.hibernate.engine.jdbc.env.internal.JdbcEnvironmentInitiator$ConnectionProviderJdbcConnectionAccess.obtainConnection(JdbcEnvironmentInitiator.java:467) ~[hibernate-core-6.6.13.Final.jar:6.6.13.Final]
	at org.hibernate.resource.transaction.backend.jdbc.internal.DdlTransactionIsolatorNonJtaImpl.getIsolatedConnection(DdlTransactionIsolatorNonJtaImpl.java:46) ~[hibernate-core-6.6.13.Final.jar:6.6.13.Final]
	at org.hibernate.resource.transaction.backend.jdbc.internal.DdlTransactionIsolatorNonJtaImpl.getIsolatedConnection(DdlTransactionIsolatorNonJtaImpl.java:39) ~[hibernate-core-6.6.13.Final.jar:6.6.13.Final]
	at org.hibernate.tool.schema.internal.exec.ImprovedExtractionContextImpl.getJdbcConnection(ImprovedExtractionContextImpl.java:63) ~[hibernate-core-6.6.13.Final.jar:6.6.13.Final]
	at org.hibernate.tool.schema.extract.spi.ExtractionContext.getQueryResults(ExtractionContext.java:43) ~[hibernate-core-6.6.13.Final.jar:6.6.13.Final]
	at org.hibernate.tool.schema.extract.internal.SequenceInformationExtractorLegacyImpl.extractMetadata(SequenceInformationExtractorLegacyImpl.java:39) ~[hibernate-core-6.6.13.Final.jar:6.6.13.Final]
	at org.hibernate.tool.schema.extract.internal.DatabaseInformationImpl.initializeSequences(DatabaseInformationImpl.java:66) ~[hibernate-core-6.6.13.Final.jar:6.6.13.Final]
	at org.hibernate.tool.schema.extract.internal.DatabaseInformationImpl.<init>(DatabaseInformationImpl.java:60) ~[hibernate-core-6.6.13.Final.jar:6.6.13.Final]
	at org.hibernate.tool.schema.internal.Helper.buildDatabaseInformation(Helper.java:185) ~[hibernate-core-6.6.13.Final.jar:6.6.13.Final]
	at org.hibernate.tool.schema.internal.AbstractSchemaValidator.doValidation(AbstractSchemaValidator.java:69) ~[hibernate-core-6.6.13.Final.jar:6.6.13.Final]
	at org.hibernate.tool.schema.spi.SchemaManagementToolCoordinator.performDatabaseAction(SchemaManagementToolCoordinator.java:289) ~[hibernate-core-6.6.13.Final.jar:6.6.13.Final]
	at org.hibernate.tool.schema.spi.SchemaManagementToolCoordinator.lambda$process$5(SchemaManagementToolCoordinator.java:144) ~[hibernate-core-6.6.13.Final.jar:6.6.13.Final]
	at java.base/java.util.HashMap.forEach(HashMap.java:1430) ~[?:?]
	at org.hibernate.tool.schema.spi.SchemaManagementToolCoordinator.process(SchemaManagementToolCoordinator.java:141) ~[hibernate-core-6.6.13.Final.jar:6.6.13.Final]
	at org.hibernate.boot.internal.SessionFactoryObserverForSchemaExport.sessionFactoryCreated(SessionFactoryObserverForSchemaExport.java:37) ~[hibernate-core-6.6.13.Final.jar:6.6.13.Final]
	at org.hibernate.internal.SessionFactoryObserverChain.sessionFactoryCreated(SessionFactoryObserverChain.java:35) ~[hibernate-core-6.6.13.Final.jar:6.6.13.Final]
	at org.hibernate.internal.SessionFactoryImpl.<init>(SessionFactoryImpl.java:324) ~[hibernate-core-6.6.13.Final.jar:6.6.13.Final]
	at org.hibernate.boot.internal.SessionFactoryBuilderImpl.build(SessionFactoryBuilderImpl.java:463) ~[hibernate-core-6.6.13.Final.jar:6.6.13.Final]
	at org.hibernate.jpa.boot.internal.EntityManagerFactoryBuilderImpl.build(EntityManagerFactoryBuilderImpl.java:1517) ~[hibernate-core-6.6.13.Final.jar:6.6.13.Final]
	at org.springframework.orm.jpa.vendor.SpringHibernateJpaPersistenceProvider.createContainerEntityManagerFactory(SpringHibernateJpaPersistenceProvider.java:66) ~[spring-orm-6.2.6.jar:6.2.6]
	at org.springframework.orm.jpa.LocalContainerEntityManagerFactoryBean.createNativeEntityManagerFactory(LocalContainerEntityManagerFactoryBean.java:390) ~[spring-orm-6.2.6.jar:6.2.6]
	at org.springframework.orm.jpa.AbstractEntityManagerFactoryBean.buildNativeEntityManagerFactory(AbstractEntityManagerFactoryBean.java:419) ~[spring-orm-6.2.6.jar:6.2.6]
	at org.springframework.orm.jpa.AbstractEntityManagerFactoryBean.afterPropertiesSet(AbstractEntityManagerFactoryBean.java:400) ~[spring-orm-6.2.6.jar:6.2.6]
	at org.springframework.orm.jpa.LocalContainerEntityManagerFactoryBean.afterPropertiesSet(LocalContainerEntityManagerFactoryBean.java:366) ~[spring-orm-6.2.6.jar:6.2.6]
	at org.springframework.beans.factory.support.AbstractAutowireCapableBeanFactory.invokeInitMethods(AbstractAutowireCapableBeanFactory.java:1865) ~[spring-beans-6.2.6.jar:6.2.6]
	at org.springframework.beans.factory.support.AbstractAutowireCapableBeanFactory.initializeBean(AbstractAutowireCapableBeanFactory.java:1814) ~[spring-beans-6.2.6.jar:6.2.6]
	... 15 more
2026-10-09 04:30:40 [main] INFO  EzPayApplication - Starting EzPayApplication using Java 25.0.4.1 with PID 5488 (C:\Users\azureuser\Downloads\EzPay_UseCase1_Oracle_Log4j2_JUnit\EzPay_UseCase1\target\classes started by azureuser in C:\Users\azureuser\Downloads\EzPay_UseCase1_Oracle_Log4j2_JUnit\EzPay_UseCase1)
2026-10-09 04:30:40 [main] INFO  EzPayApplication - No active profile set, falling back to 1 default profile: "default"
2026-10-09 04:30:41 [main] INFO  RepositoryConfigurationDelegate - Bootstrapping Spring Data JPA repositories in DEFAULT mode.
2026-10-09 04:30:41 [main] INFO  RepositoryConfigurationDelegate - Finished Spring Data repository scanning in 57 ms. Found 1 JPA repository interface.
2026-10-09 04:30:41 [main] INFO  TomcatWebServer - Tomcat initialized with port 8080 (http)
2026-10-09 04:30:41 [main] INFO  Http11NioProtocol - Initializing ProtocolHandler ["http-nio-8080"]
2026-10-09 04:30:41 [main] INFO  StandardService - Starting service [Tomcat]
2026-10-09 04:30:41 [main] INFO  StandardEngine - Starting Servlet engine: [Apache Tomcat/10.1.40]
2026-10-09 04:30:41 [main] INFO  [/] - Initializing Spring embedded WebApplicationContext
2026-10-09 04:30:41 [main] INFO  ServletWebServerApplicationContext - Root WebApplicationContext: initialization completed in 1107 ms
2026-10-09 04:30:42 [main] INFO  LogHelper - HHH000204: Processing PersistenceUnitInfo [name: default]
2026-10-09 04:30:42 [main] INFO  Version - HHH000412: Hibernate ORM core version 6.6.13.Final
2026-10-09 04:30:42 [main] INFO  RegionFactoryInitiator - HHH000026: Second-level cache disabled
2026-10-09 04:30:42 [main] INFO  SpringPersistenceUnitInfo - No LoadTimeWeaver setup: ignoring JPA class transformer
2026-10-09 04:30:42 [main] INFO  HikariDataSource - HikariPool-1 - Starting...
2026-10-09 04:30:43 [main] WARN  SqlExceptionHelper - SQL Error: 12541, SQLState: 66000
2026-10-09 04:30:43 [main] ERROR SqlExceptionHelper - ORA-12541: Cannot connect. No listener at host localhost port 1521. (CONNECTION_ID=GdkDIgodQza5oQM3ruKfFA==)
https://docs.oracle.com/error-help/db/ora-12541/
2026-10-09 04:30:43 [main] WARN  JdbcEnvironmentInitiator - HHH000342: Could not obtain connection to query metadata
org.hibernate.exception.GenericJDBCException: unable to obtain isolated JDBC connection [ORA-12541: Cannot connect. No listener at host localhost port 1521. (CONNECTION_ID=GdkDIgodQza5oQM3ruKfFA==)
https://docs.oracle.com/error-help/db/ora-12541/] [n/a]
	at org.hibernate.exception.internal.StandardSQLExceptionConverter.convert(StandardSQLExceptionConverter.java:63) ~[hibernate-core-6.6.13.Final.jar:6.6.13.Final]
	at org.hibernate.engine.jdbc.spi.SqlExceptionHelper.convert(SqlExceptionHelper.java:108) ~[hibernate-core-6.6.13.Final.jar:6.6.13.Final]
	at org.hibernate.engine.jdbc.spi.SqlExceptionHelper.convert(SqlExceptionHelper.java:94) ~[hibernate-core-6.6.13.Final.jar:6.6.13.Final]
	at org.hibernate.resource.transaction.backend.jdbc.internal.JdbcIsolationDelegate.delegateWork(JdbcIsolationDelegate.java:116) ~[hibernate-core-6.6.13.Final.jar:6.6.13.Final]
	at org.hibernate.engine.jdbc.env.internal.JdbcEnvironmentInitiator.getJdbcEnvironmentUsingJdbcMetadata(JdbcEnvironmentInitiator.java:320) [hibernate-core-6.6.13.Final.jar:6.6.13.Final]
	at org.hibernate.engine.jdbc.env.internal.JdbcEnvironmentInitiator.initiateService(JdbcEnvironmentInitiator.java:129) [hibernate-core-6.6.13.Final.jar:6.6.13.Final]
	at org.hibernate.engine.jdbc.env.internal.JdbcEnvironmentInitiator.initiateService(JdbcEnvironmentInitiator.java:81) [hibernate-core-6.6.13.Final.jar:6.6.13.Final]
	at org.hibernate.boot.registry.internal.StandardServiceRegistryImpl.initiateService(StandardServiceRegistryImpl.java:130) [hibernate-core-6.6.13.Final.jar:6.6.13.Final]
	at org.hibernate.service.internal.AbstractServiceRegistryImpl.createService(AbstractServiceRegistryImpl.java:263) [hibernate-core-6.6.13.Final.jar:6.6.13.Final]
	at org.hibernate.service.internal.AbstractServiceRegistryImpl.initializeService(AbstractServiceRegistryImpl.java:238) [hibernate-core-6.6.13.Final.jar:6.6.13.Final]
	at org.hibernate.service.internal.AbstractServiceRegistryImpl.getService(AbstractServiceRegistryImpl.java:215) [hibernate-core-6.6.13.Final.jar:6.6.13.Final]
	at org.hibernate.boot.model.relational.Database.<init>(Database.java:45) [hibernate-core-6.6.13.Final.jar:6.6.13.Final]
	at org.hibernate.boot.internal.InFlightMetadataCollectorImpl.getDatabase(InFlightMetadataCollectorImpl.java:226) [hibernate-core-6.6.13.Final.jar:6.6.13.Final]
	at org.hibernate.boot.internal.InFlightMetadataCollectorImpl.<init>(InFlightMetadataCollectorImpl.java:194) [hibernate-core-6.6.13.Final.jar:6.6.13.Final]
	at org.hibernate.boot.model.process.spi.MetadataBuildingProcess.complete(MetadataBuildingProcess.java:171) [hibernate-core-6.6.13.Final.jar:6.6.13.Final]
	at org.hibernate.jpa.boot.internal.EntityManagerFactoryBuilderImpl.metadata(EntityManagerFactoryBuilderImpl.java:1442) [hibernate-core-6.6.13.Final.jar:6.6.13.Final]
	at org.hibernate.jpa.boot.internal.EntityManagerFactoryBuilderImpl.build(EntityManagerFactoryBuilderImpl.java:1513) [hibernate-core-6.6.13.Final.jar:6.6.13.Final]
	at org.springframework.orm.jpa.vendor.SpringHibernateJpaPersistenceProvider.createContainerEntityManagerFactory(SpringHibernateJpaPersistenceProvider.java:66) [spring-orm-6.2.6.jar:6.2.6]
	at org.springframework.orm.jpa.LocalContainerEntityManagerFactoryBean.createNativeEntityManagerFactory(LocalContainerEntityManagerFactoryBean.java:390) [spring-orm-6.2.6.jar:6.2.6]
	at org.springframework.orm.jpa.AbstractEntityManagerFactoryBean.buildNativeEntityManagerFactory(AbstractEntityManagerFactoryBean.java:419) [spring-orm-6.2.6.jar:6.2.6]
	at org.springframework.orm.jpa.AbstractEntityManagerFactoryBean.afterPropertiesSet(AbstractEntityManagerFactoryBean.java:400) [spring-orm-6.2.6.jar:6.2.6]
	at org.springframework.orm.jpa.LocalContainerEntityManagerFactoryBean.afterPropertiesSet(LocalContainerEntityManagerFactoryBean.java:366) [spring-orm-6.2.6.jar:6.2.6]
	at org.springframework.beans.factory.support.AbstractAutowireCapableBeanFactory.invokeInitMethods(AbstractAutowireCapableBeanFactory.java:1865) [spring-beans-6.2.6.jar:6.2.6]
	at org.springframework.beans.factory.support.AbstractAutowireCapableBeanFactory.initializeBean(AbstractAutowireCapableBeanFactory.java:1814) [spring-beans-6.2.6.jar:6.2.6]
	at org.springframework.beans.factory.support.AbstractAutowireCapableBeanFactory.doCreateBean(AbstractAutowireCapableBeanFactory.java:607) [spring-beans-6.2.6.jar:6.2.6]
	at org.springframework.beans.factory.support.AbstractAutowireCapableBeanFactory.createBean(AbstractAutowireCapableBeanFactory.java:529) [spring-beans-6.2.6.jar:6.2.6]
	at org.springframework.beans.factory.support.AbstractBeanFactory.lambda$doGetBean$0(AbstractBeanFactory.java:339) [spring-beans-6.2.6.jar:6.2.6]
	at org.springframework.beans.factory.support.DefaultSingletonBeanRegistry.getSingleton(DefaultSingletonBeanRegistry.java:371) [spring-beans-6.2.6.jar:6.2.6]
	at org.springframework.beans.factory.support.AbstractBeanFactory.doGetBean(AbstractBeanFactory.java:337) [spring-beans-6.2.6.jar:6.2.6]
	at org.springframework.beans.factory.support.AbstractBeanFactory.getBean(AbstractBeanFactory.java:207) [spring-beans-6.2.6.jar:6.2.6]
	at org.springframework.context.support.AbstractApplicationContext.finishBeanFactoryInitialization(AbstractApplicationContext.java:970) [spring-context-6.2.6.jar:6.2.6]
	at org.springframework.context.support.AbstractApplicationContext.refresh(AbstractApplicationContext.java:627) [spring-context-6.2.6.jar:6.2.6]
	at org.springframework.boot.web.servlet.context.ServletWebServerApplicationContext.refresh(ServletWebServerApplicationContext.java:146) [spring-boot-3.4.5.jar:3.4.5]
	at org.springframework.boot.SpringApplication.refresh(SpringApplication.java:753) [spring-boot-3.4.5.jar:3.4.5]
	at org.springframework.boot.SpringApplication.refreshContext(SpringApplication.java:439) [spring-boot-3.4.5.jar:3.4.5]
	at org.springframework.boot.SpringApplication.run(SpringApplication.java:318) [spring-boot-3.4.5.jar:3.4.5]
	at org.springframework.boot.SpringApplication.run(SpringApplication.java:1362) [spring-boot-3.4.5.jar:3.4.5]
	at org.springframework.boot.SpringApplication.run(SpringApplication.java:1351) [spring-boot-3.4.5.jar:3.4.5]
	at com.ezpay.EzPayApplication.main(EzPayApplication.java:9) [classes/:?]
Caused by: java.sql.SQLException: ORA-12541: Cannot connect. No listener at host localhost port 1521. (CONNECTION_ID=GdkDIgodQza5oQM3ruKfFA==)
https://docs.oracle.com/error-help/db/ora-12541/
	at oracle.jdbc.driver.T4CConnection.handleLogonNetException(T4CConnection.java:1617) ~[ojdbc11-23.5.0.24.07.jar:23.5.0.24.07]
	at oracle.jdbc.driver.T4CConnection.logon(T4CConnection.java:1139) ~[ojdbc11-23.5.0.24.07.jar:23.5.0.24.07]
	at oracle.jdbc.driver.PhysicalConnection.connect(PhysicalConnection.java:1206) ~[ojdbc11-23.5.0.24.07.jar:23.5.0.24.07]
	at oracle.jdbc.driver.T4CDriverExtension.getConnection(T4CDriverExtension.java:105) ~[ojdbc11-23.5.0.24.07.jar:23.5.0.24.07]
	at oracle.jdbc.driver.OracleDriver.connect(OracleDriver.java:886) ~[ojdbc11-23.5.0.24.07.jar:23.5.0.24.07]
	at oracle.jdbc.driver.OracleDriver.connect(OracleDriver.java:693) ~[ojdbc11-23.5.0.24.07.jar:23.5.0.24.07]
	at com.zaxxer.hikari.util.DriverDataSource.getConnection(DriverDataSource.java:137) ~[HikariCP-5.1.0.jar:?]
	at com.zaxxer.hikari.pool.PoolBase.newConnection(PoolBase.java:360) ~[HikariCP-5.1.0.jar:?]
	at com.zaxxer.hikari.pool.PoolBase.newPoolEntry(PoolBase.java:202) ~[HikariCP-5.1.0.jar:?]
	at com.zaxxer.hikari.pool.HikariPool.createPoolEntry(HikariPool.java:461) ~[HikariCP-5.1.0.jar:?]
	at com.zaxxer.hikari.pool.HikariPool.checkFailFast(HikariPool.java:550) ~[HikariCP-5.1.0.jar:?]
	at com.zaxxer.hikari.pool.HikariPool.<init>(HikariPool.java:98) ~[HikariCP-5.1.0.jar:?]
	at com.zaxxer.hikari.HikariDataSource.getConnection(HikariDataSource.java:111) ~[HikariCP-5.1.0.jar:?]
	at org.hibernate.engine.jdbc.connections.internal.DatasourceConnectionProviderImpl.getConnection(DatasourceConnectionProviderImpl.java:126) ~[hibernate-core-6.6.13.Final.jar:6.6.13.Final]
	at org.hibernate.engine.jdbc.env.internal.JdbcEnvironmentInitiator$ConnectionProviderJdbcConnectionAccess.obtainConnection(JdbcEnvironmentInitiator.java:467) ~[hibernate-core-6.6.13.Final.jar:6.6.13.Final]
	at org.hibernate.resource.transaction.backend.jdbc.internal.JdbcIsolationDelegate.delegateWork(JdbcIsolationDelegate.java:61) ~[hibernate-core-6.6.13.Final.jar:6.6.13.Final]
	... 35 more
Caused by: oracle.net.ns.NetException: ORA-12541: Cannot connect. No listener at host localhost port 1521. (CONNECTION_ID=GdkDIgodQza5oQM3ruKfFA==)
https://docs.oracle.com/error-help/db/ora-12541/
	at oracle.net.nt.TcpNTAdapter.handleEstablishSocketException(TcpNTAdapter.java:414) ~[ojdbc11-23.5.0.24.07.jar:23.5.0.24.07]
	at oracle.net.nt.TcpNTAdapter.establishSocket(TcpNTAdapter.java:346) ~[ojdbc11-23.5.0.24.07.jar:23.5.0.24.07]
	at oracle.net.nt.TcpNTAdapter.connect(TcpNTAdapter.java:224) ~[ojdbc11-23.5.0.24.07.jar:23.5.0.24.07]
	at oracle.net.nt.ConnOption.connect(ConnOption.java:332) ~[ojdbc11-23.5.0.24.07.jar:23.5.0.24.07]
	at oracle.net.nt.ConnStrategy.executeConnOption(ConnStrategy.java:1222) ~[ojdbc11-23.5.0.24.07.jar:23.5.0.24.07]
	at oracle.net.nt.ConnStrategy.execute(ConnStrategy.java:761) ~[ojdbc11-23.5.0.24.07.jar:23.5.0.24.07]
	at oracle.net.resolver.AddrResolution.resolveAndExecute(AddrResolution.java:711) ~[ojdbc11-23.5.0.24.07.jar:23.5.0.24.07]
	at oracle.net.ns.NSProtocol.establishConnection(NSProtocol.java:959) ~[ojdbc11-23.5.0.24.07.jar:23.5.0.24.07]
	at oracle.net.ns.NSProtocol.connect(NSProtocol.java:328) ~[ojdbc11-23.5.0.24.07.jar:23.5.0.24.07]
	at oracle.jdbc.driver.T4CConnection.connectNetworkSessionProtocol(T4CConnection.java:3419) ~[ojdbc11-23.5.0.24.07.jar:23.5.0.24.07]
	at oracle.jdbc.driver.T4CConnection.logon(T4CConnection.java:1018) ~[ojdbc11-23.5.0.24.07.jar:23.5.0.24.07]
	at oracle.jdbc.driver.PhysicalConnection.connect(PhysicalConnection.java:1206) ~[ojdbc11-23.5.0.24.07.jar:23.5.0.24.07]
	at oracle.jdbc.driver.T4CDriverExtension.getConnection(T4CDriverExtension.java:105) ~[ojdbc11-23.5.0.24.07.jar:23.5.0.24.07]
	at oracle.jdbc.driver.OracleDriver.connect(OracleDriver.java:886) ~[ojdbc11-23.5.0.24.07.jar:23.5.0.24.07]
	at oracle.jdbc.driver.OracleDriver.connect(OracleDriver.java:693) ~[ojdbc11-23.5.0.24.07.jar:23.5.0.24.07]
	at com.zaxxer.hikari.util.DriverDataSource.getConnection(DriverDataSource.java:137) ~[HikariCP-5.1.0.jar:?]
	at com.zaxxer.hikari.pool.PoolBase.newConnection(PoolBase.java:360) ~[HikariCP-5.1.0.jar:?]
	at com.zaxxer.hikari.pool.PoolBase.newPoolEntry(PoolBase.java:202) ~[HikariCP-5.1.0.jar:?]
	at com.zaxxer.hikari.pool.HikariPool.createPoolEntry(HikariPool.java:461) ~[HikariCP-5.1.0.jar:?]
	at com.zaxxer.hikari.pool.HikariPool.checkFailFast(HikariPool.java:550) ~[HikariCP-5.1.0.jar:?]
	at com.zaxxer.hikari.pool.HikariPool.<init>(HikariPool.java:98) ~[HikariCP-5.1.0.jar:?]
	at com.zaxxer.hikari.HikariDataSource.getConnection(HikariDataSource.java:111) ~[HikariCP-5.1.0.jar:?]
	at org.hibernate.engine.jdbc.connections.internal.DatasourceConnectionProviderImpl.getConnection(DatasourceConnectionProviderImpl.java:126) ~[hibernate-core-6.6.13.Final.jar:6.6.13.Final]
	at org.hibernate.engine.jdbc.env.internal.JdbcEnvironmentInitiator$ConnectionProviderJdbcConnectionAccess.obtainConnection(JdbcEnvironmentInitiator.java:467) ~[hibernate-core-6.6.13.Final.jar:6.6.13.Final]
	at org.hibernate.resource.transaction.backend.jdbc.internal.JdbcIsolationDelegate.delegateWork(JdbcIsolationDelegate.java:61) ~[hibernate-core-6.6.13.Final.jar:6.6.13.Final]
	... 35 more
Caused by: java.net.ConnectException: Connection refused: getsockopt
	at java.base/sun.nio.ch.Net.pollConnect(Native Method) ~[?:?]
	at java.base/sun.nio.ch.Net.pollConnectNow(Net.java:639) ~[?:?]
	at java.base/sun.nio.ch.SocketChannelImpl.finishTimedConnect(SocketChannelImpl.java:1267) ~[?:?]
	at java.base/sun.nio.ch.SocketChannelImpl.blockingConnect(SocketChannelImpl.java:1309) ~[?:?]
	at java.base/sun.nio.ch.SocketAdaptor.connect(SocketAdaptor.java:106) ~[?:?]
	at oracle.net.nt.TimeoutSocketChannel.doConnect(TimeoutSocketChannel.java:288) ~[ojdbc11-23.5.0.24.07.jar:23.5.0.24.07]
	at oracle.net.nt.TimeoutSocketChannel.initializeSocketChannel(TimeoutSocketChannel.java:268) ~[ojdbc11-23.5.0.24.07.jar:23.5.0.24.07]
	at oracle.net.nt.TimeoutSocketChannel.connect(TimeoutSocketChannel.java:235) ~[ojdbc11-23.5.0.24.07.jar:23.5.0.24.07]
	at oracle.net.nt.TimeoutSocketChannel.<init>(TimeoutSocketChannel.java:202) ~[ojdbc11-23.5.0.24.07.jar:23.5.0.24.07]
	at oracle.net.nt.TcpNTAdapter.establishSocket(TcpNTAdapter.java:335) ~[ojdbc11-23.5.0.24.07.jar:23.5.0.24.07]
	at oracle.net.nt.TcpNTAdapter.connect(TcpNTAdapter.java:224) ~[ojdbc11-23.5.0.24.07.jar:23.5.0.24.07]
	at oracle.net.nt.ConnOption.connect(ConnOption.java:332) ~[ojdbc11-23.5.0.24.07.jar:23.5.0.24.07]
	at oracle.net.nt.ConnStrategy.executeConnOption(ConnStrategy.java:1222) ~[ojdbc11-23.5.0.24.07.jar:23.5.0.24.07]
	at oracle.net.nt.ConnStrategy.execute(ConnStrategy.java:761) ~[ojdbc11-23.5.0.24.07.jar:23.5.0.24.07]
	at oracle.net.resolver.AddrResolution.resolveAndExecute(AddrResolution.java:711) ~[ojdbc11-23.5.0.24.07.jar:23.5.0.24.07]
	at oracle.net.ns.NSProtocol.establishConnection(NSProtocol.java:959) ~[ojdbc11-23.5.0.24.07.jar:23.5.0.24.07]
	at oracle.net.ns.NSProtocol.connect(NSProtocol.java:328) ~[ojdbc11-23.5.0.24.07.jar:23.5.0.24.07]
	at oracle.jdbc.driver.T4CConnection.connectNetworkSessionProtocol(T4CConnection.java:3419) ~[ojdbc11-23.5.0.24.07.jar:23.5.0.24.07]
	at oracle.jdbc.driver.T4CConnection.logon(T4CConnection.java:1018) ~[ojdbc11-23.5.0.24.07.jar:23.5.0.24.07]
	at oracle.jdbc.driver.PhysicalConnection.connect(PhysicalConnection.java:1206) ~[ojdbc11-23.5.0.24.07.jar:23.5.0.24.07]
	at oracle.jdbc.driver.T4CDriverExtension.getConnection(T4CDriverExtension.java:105) ~[ojdbc11-23.5.0.24.07.jar:23.5.0.24.07]
	at oracle.jdbc.driver.OracleDriver.connect(OracleDriver.java:886) ~[ojdbc11-23.5.0.24.07.jar:23.5.0.24.07]
	at oracle.jdbc.driver.OracleDriver.connect(OracleDriver.java:693) ~[ojdbc11-23.5.0.24.07.jar:23.5.0.24.07]
	at com.zaxxer.hikari.util.DriverDataSource.getConnection(DriverDataSource.java:137) ~[HikariCP-5.1.0.jar:?]
	at com.zaxxer.hikari.pool.PoolBase.newConnection(PoolBase.java:360) ~[HikariCP-5.1.0.jar:?]
	at com.zaxxer.hikari.pool.PoolBase.newPoolEntry(PoolBase.java:202) ~[HikariCP-5.1.0.jar:?]
	at com.zaxxer.hikari.pool.HikariPool.createPoolEntry(HikariPool.java:461) ~[HikariCP-5.1.0.jar:?]
	at com.zaxxer.hikari.pool.HikariPool.checkFailFast(HikariPool.java:550) ~[HikariCP-5.1.0.jar:?]
	at com.zaxxer.hikari.pool.HikariPool.<init>(HikariPool.java:98) ~[HikariCP-5.1.0.jar:?]
	at com.zaxxer.hikari.HikariDataSource.getConnection(HikariDataSource.java:111) ~[HikariCP-5.1.0.jar:?]
	at org.hibernate.engine.jdbc.connections.internal.DatasourceConnectionProviderImpl.getConnection(DatasourceConnectionProviderImpl.java:126) ~[hibernate-core-6.6.13.Final.jar:6.6.13.Final]
	at org.hibernate.engine.jdbc.env.internal.JdbcEnvironmentInitiator$ConnectionProviderJdbcConnectionAccess.obtainConnection(JdbcEnvironmentInitiator.java:467) ~[hibernate-core-6.6.13.Final.jar:6.6.13.Final]
	at org.hibernate.resource.transaction.backend.jdbc.internal.JdbcIsolationDelegate.delegateWork(JdbcIsolationDelegate.java:61) ~[hibernate-core-6.6.13.Final.jar:6.6.13.Final]
	... 35 more
2026-10-09 04:30:43 [main] ERROR LocalContainerEntityManagerFactoryBean - Failed to initialize JPA EntityManagerFactory: Unable to create requested service [org.hibernate.engine.jdbc.env.spi.JdbcEnvironment] due to: Unable to determine Dialect without JDBC metadata (please set 'jakarta.persistence.jdbc.url' for common cases or 'hibernate.dialect' when a custom Dialect implementation must be provided)
2026-10-09 04:30:43 [main] WARN  AnnotationConfigServletWebServerApplicationContext - Exception encountered during context initialization - cancelling refresh attempt: org.springframework.beans.factory.BeanCreationException: Error creating bean with name 'entityManagerFactory' defined in class path resource [org/springframework/boot/autoconfigure/orm/jpa/HibernateJpaConfiguration.class]: Unable to create requested service [org.hibernate.engine.jdbc.env.spi.JdbcEnvironment] due to: Unable to determine Dialect without JDBC metadata (please set 'jakarta.persistence.jdbc.url' for common cases or 'hibernate.dialect' when a custom Dialect implementation must be provided)
2026-10-09 04:30:43 [main] INFO  StandardService - Stopping service [Tomcat]
2026-10-09 04:30:43 [main] INFO  ConditionEvaluationReportLogger - 

Error starting ApplicationContext. To display the condition evaluation report re-run your application with 'debug' enabled.
2026-10-09 04:30:43 [main] ERROR SpringApplication - Application run failed
org.springframework.beans.factory.BeanCreationException: Error creating bean with name 'entityManagerFactory' defined in class path resource [org/springframework/boot/autoconfigure/orm/jpa/HibernateJpaConfiguration.class]: Unable to create requested service [org.hibernate.engine.jdbc.env.spi.JdbcEnvironment] due to: Unable to determine Dialect without JDBC metadata (please set 'jakarta.persistence.jdbc.url' for common cases or 'hibernate.dialect' when a custom Dialect implementation must be provided)
	at org.springframework.beans.factory.support.AbstractAutowireCapableBeanFactory.initializeBean(AbstractAutowireCapableBeanFactory.java:1818) ~[spring-beans-6.2.6.jar:6.2.6]
	at org.springframework.beans.factory.support.AbstractAutowireCapableBeanFactory.doCreateBean(AbstractAutowireCapableBeanFactory.java:607) ~[spring-beans-6.2.6.jar:6.2.6]
	at org.springframework.beans.factory.support.AbstractAutowireCapableBeanFactory.createBean(AbstractAutowireCapableBeanFactory.java:529) ~[spring-beans-6.2.6.jar:6.2.6]
	at org.springframework.beans.factory.support.AbstractBeanFactory.lambda$doGetBean$0(AbstractBeanFactory.java:339) ~[spring-beans-6.2.6.jar:6.2.6]
	at org.springframework.beans.factory.support.DefaultSingletonBeanRegistry.getSingleton(DefaultSingletonBeanRegistry.java:371) ~[spring-beans-6.2.6.jar:6.2.6]
	at org.springframework.beans.factory.support.AbstractBeanFactory.doGetBean(AbstractBeanFactory.java:337) ~[spring-beans-6.2.6.jar:6.2.6]
	at org.springframework.beans.factory.support.AbstractBeanFactory.getBean(AbstractBeanFactory.java:207) ~[spring-beans-6.2.6.jar:6.2.6]
	at org.springframework.context.support.AbstractApplicationContext.finishBeanFactoryInitialization(AbstractApplicationContext.java:970) ~[spring-context-6.2.6.jar:6.2.6]
	at org.springframework.context.support.AbstractApplicationContext.refresh(AbstractApplicationContext.java:627) ~[spring-context-6.2.6.jar:6.2.6]
	at org.springframework.boot.web.servlet.context.ServletWebServerApplicationContext.refresh(ServletWebServerApplicationContext.java:146) ~[spring-boot-3.4.5.jar:3.4.5]
	at org.springframework.boot.SpringApplication.refresh(SpringApplication.java:753) [spring-boot-3.4.5.jar:3.4.5]
	at org.springframework.boot.SpringApplication.refreshContext(SpringApplication.java:439) [spring-boot-3.4.5.jar:3.4.5]
	at org.springframework.boot.SpringApplication.run(SpringApplication.java:318) [spring-boot-3.4.5.jar:3.4.5]
	at org.springframework.boot.SpringApplication.run(SpringApplication.java:1362) [spring-boot-3.4.5.jar:3.4.5]
	at org.springframework.boot.SpringApplication.run(SpringApplication.java:1351) [spring-boot-3.4.5.jar:3.4.5]
	at com.ezpay.EzPayApplication.main(EzPayApplication.java:9) [classes/:?]
Caused by: org.hibernate.service.spi.ServiceException: Unable to create requested service [org.hibernate.engine.jdbc.env.spi.JdbcEnvironment] due to: Unable to determine Dialect without JDBC metadata (please set 'jakarta.persistence.jdbc.url' for common cases or 'hibernate.dialect' when a custom Dialect implementation must be provided)
	at org.hibernate.service.internal.AbstractServiceRegistryImpl.createService(AbstractServiceRegistryImpl.java:276) ~[hibernate-core-6.6.13.Final.jar:6.6.13.Final]
	at org.hibernate.service.internal.AbstractServiceRegistryImpl.initializeService(AbstractServiceRegistryImpl.java:238) ~[hibernate-core-6.6.13.Final.jar:6.6.13.Final]
	at org.hibernate.service.internal.AbstractServiceRegistryImpl.getService(AbstractServiceRegistryImpl.java:215) ~[hibernate-core-6.6.13.Final.jar:6.6.13.Final]
	at org.hibernate.boot.model.relational.Database.<init>(Database.java:45) ~[hibernate-core-6.6.13.Final.jar:6.6.13.Final]
	at org.hibernate.boot.internal.InFlightMetadataCollectorImpl.getDatabase(InFlightMetadataCollectorImpl.java:226) ~[hibernate-core-6.6.13.Final.jar:6.6.13.Final]
	at org.hibernate.boot.internal.InFlightMetadataCollectorImpl.<init>(InFlightMetadataCollectorImpl.java:194) ~[hibernate-core-6.6.13.Final.jar:6.6.13.Final]
	at org.hibernate.boot.model.process.spi.MetadataBuildingProcess.complete(MetadataBuildingProcess.java:171) ~[hibernate-core-6.6.13.Final.jar:6.6.13.Final]
	at org.hibernate.jpa.boot.internal.EntityManagerFactoryBuilderImpl.metadata(EntityManagerFactoryBuilderImpl.java:1442) ~[hibernate-core-6.6.13.Final.jar:6.6.13.Final]
	at org.hibernate.jpa.boot.internal.EntityManagerFactoryBuilderImpl.build(EntityManagerFactoryBuilderImpl.java:1513) ~[hibernate-core-6.6.13.Final.jar:6.6.13.Final]
	at org.springframework.orm.jpa.vendor.SpringHibernateJpaPersistenceProvider.createContainerEntityManagerFactory(SpringHibernateJpaPersistenceProvider.java:66) ~[spring-orm-6.2.6.jar:6.2.6]
	at org.springframework.orm.jpa.LocalContainerEntityManagerFactoryBean.createNativeEntityManagerFactory(LocalContainerEntityManagerFactoryBean.java:390) ~[spring-orm-6.2.6.jar:6.2.6]
	at org.springframework.orm.jpa.AbstractEntityManagerFactoryBean.buildNativeEntityManagerFactory(AbstractEntityManagerFactoryBean.java:419) ~[spring-orm-6.2.6.jar:6.2.6]
	at org.springframework.orm.jpa.AbstractEntityManagerFactoryBean.afterPropertiesSet(AbstractEntityManagerFactoryBean.java:400) ~[spring-orm-6.2.6.jar:6.2.6]
	at org.springframework.orm.jpa.LocalContainerEntityManagerFactoryBean.afterPropertiesSet(LocalContainerEntityManagerFactoryBean.java:366) ~[spring-orm-6.2.6.jar:6.2.6]
	at org.springframework.beans.factory.support.AbstractAutowireCapableBeanFactory.invokeInitMethods(AbstractAutowireCapableBeanFactory.java:1865) ~[spring-beans-6.2.6.jar:6.2.6]
	at org.springframework.beans.factory.support.AbstractAutowireCapableBeanFactory.initializeBean(AbstractAutowireCapableBeanFactory.java:1814) ~[spring-beans-6.2.6.jar:6.2.6]
	... 15 more
Caused by: org.hibernate.HibernateException: Unable to determine Dialect without JDBC metadata (please set 'jakarta.persistence.jdbc.url' for common cases or 'hibernate.dialect' when a custom Dialect implementation must be provided)
	at org.hibernate.engine.jdbc.dialect.internal.DialectFactoryImpl.determineDialect(DialectFactoryImpl.java:191) ~[hibernate-core-6.6.13.Final.jar:6.6.13.Final]
	at org.hibernate.engine.jdbc.dialect.internal.DialectFactoryImpl.buildDialect(DialectFactoryImpl.java:87) ~[hibernate-core-6.6.13.Final.jar:6.6.13.Final]
	at org.hibernate.engine.jdbc.env.internal.JdbcEnvironmentInitiator.getJdbcEnvironmentWithDefaults(JdbcEnvironmentInitiator.java:181) ~[hibernate-core-6.6.13.Final.jar:6.6.13.Final]
	at org.hibernate.engine.jdbc.env.internal.JdbcEnvironmentInitiator.getJdbcEnvironmentUsingJdbcMetadata(JdbcEnvironmentInitiator.java:392) ~[hibernate-core-6.6.13.Final.jar:6.6.13.Final]
	at org.hibernate.engine.jdbc.env.internal.JdbcEnvironmentInitiator.initiateService(JdbcEnvironmentInitiator.java:129) ~[hibernate-core-6.6.13.Final.jar:6.6.13.Final]
	at org.hibernate.engine.jdbc.env.internal.JdbcEnvironmentInitiator.initiateService(JdbcEnvironmentInitiator.java:81) ~[hibernate-core-6.6.13.Final.jar:6.6.13.Final]
	at org.hibernate.boot.registry.internal.StandardServiceRegistryImpl.initiateService(StandardServiceRegistryImpl.java:130) ~[hibernate-core-6.6.13.Final.jar:6.6.13.Final]
	at org.hibernate.service.internal.AbstractServiceRegistryImpl.createService(AbstractServiceRegistryImpl.java:263) ~[hibernate-core-6.6.13.Final.jar:6.6.13.Final]
	at org.hibernate.service.internal.AbstractServiceRegistryImpl.initializeService(AbstractServiceRegistryImpl.java:238) ~[hibernate-core-6.6.13.Final.jar:6.6.13.Final]
	at org.hibernate.service.internal.AbstractServiceRegistryImpl.getService(AbstractServiceRegistryImpl.java:215) ~[hibernate-core-6.6.13.Final.jar:6.6.13.Final]
	at org.hibernate.boot.model.relational.Database.<init>(Database.java:45) ~[hibernate-core-6.6.13.Final.jar:6.6.13.Final]
	at org.hibernate.boot.internal.InFlightMetadataCollectorImpl.getDatabase(InFlightMetadataCollectorImpl.java:226) ~[hibernate-core-6.6.13.Final.jar:6.6.13.Final]
	at org.hibernate.boot.internal.InFlightMetadataCollectorImpl.<init>(InFlightMetadataCollectorImpl.java:194) ~[hibernate-core-6.6.13.Final.jar:6.6.13.Final]
	at org.hibernate.boot.model.process.spi.MetadataBuildingProcess.complete(MetadataBuildingProcess.java:171) ~[hibernate-core-6.6.13.Final.jar:6.6.13.Final]
	at org.hibernate.jpa.boot.internal.EntityManagerFactoryBuilderImpl.metadata(EntityManagerFactoryBuilderImpl.java:1442) ~[hibernate-core-6.6.13.Final.jar:6.6.13.Final]
	at org.hibernate.jpa.boot.internal.EntityManagerFactoryBuilderImpl.build(EntityManagerFactoryBuilderImpl.java:1513) ~[hibernate-core-6.6.13.Final.jar:6.6.13.Final]
	at org.springframework.orm.jpa.vendor.SpringHibernateJpaPersistenceProvider.createContainerEntityManagerFactory(SpringHibernateJpaPersistenceProvider.java:66) ~[spring-orm-6.2.6.jar:6.2.6]
	at org.springframework.orm.jpa.LocalContainerEntityManagerFactoryBean.createNativeEntityManagerFactory(LocalContainerEntityManagerFactoryBean.java:390) ~[spring-orm-6.2.6.jar:6.2.6]
	at org.springframework.orm.jpa.AbstractEntityManagerFactoryBean.buildNativeEntityManagerFactory(AbstractEntityManagerFactoryBean.java:419) ~[spring-orm-6.2.6.jar:6.2.6]
	at org.springframework.orm.jpa.AbstractEntityManagerFactoryBean.afterPropertiesSet(AbstractEntityManagerFactoryBean.java:400) ~[spring-orm-6.2.6.jar:6.2.6]
	at org.springframework.orm.jpa.LocalContainerEntityManagerFactoryBean.afterPropertiesSet(LocalContainerEntityManagerFactoryBean.java:366) ~[spring-orm-6.2.6.jar:6.2.6]
	at org.springframework.beans.factory.support.AbstractAutowireCapableBeanFactory.invokeInitMethods(AbstractAutowireCapableBeanFactory.java:1865) ~[spring-beans-6.2.6.jar:6.2.6]
	at org.springframework.beans.factory.support.AbstractAutowireCapableBeanFactory.initializeBean(AbstractAutowireCapableBeanFactory.java:1814) ~[spring-beans-6.2.6.jar:6.2.6]
	... 15 more
2026-10-09 04:34:00 [main] INFO  EzPayApplication - Starting EzPayApplication using Java 25.0.4.1 with PID 2332 (C:\Users\azureuser\Downloads\EzPay_UseCase1_Oracle_Log4j2_JUnit\EzPay_UseCase1\target\classes started by azureuser in C:\Users\azureuser\Downloads\EzPay_UseCase1_Oracle_Log4j2_JUnit\EzPay_UseCase1)
2026-10-09 04:34:00 [main] INFO  EzPayApplication - No active profile set, falling back to 1 default profile: "default"
2026-10-09 04:34:01 [main] INFO  RepositoryConfigurationDelegate - Bootstrapping Spring Data JPA repositories in DEFAULT mode.
2026-10-09 04:34:01 [main] INFO  RepositoryConfigurationDelegate - Finished Spring Data repository scanning in 47 ms. Found 1 JPA repository interface.
2026-10-09 04:34:01 [main] INFO  TomcatWebServer - Tomcat initialized with port 8080 (http)
2026-10-09 04:34:01 [main] INFO  Http11NioProtocol - Initializing ProtocolHandler ["http-nio-8080"]
2026-10-09 04:34:01 [main] INFO  StandardService - Starting service [Tomcat]
2026-10-09 04:34:02 [main] INFO  StandardEngine - Starting Servlet engine: [Apache Tomcat/10.1.40]
2026-10-09 04:34:02 [main] INFO  [/] - Initializing Spring embedded WebApplicationContext
2026-10-09 04:34:02 [main] INFO  ServletWebServerApplicationContext - Root WebApplicationContext: initialization completed in 1169 ms
2026-10-09 04:34:02 [main] INFO  LogHelper - HHH000204: Processing PersistenceUnitInfo [name: default]
2026-10-09 04:34:02 [main] INFO  Version - HHH000412: Hibernate ORM core version 6.6.13.Final
2026-10-09 04:34:02 [main] INFO  RegionFactoryInitiator - HHH000026: Second-level cache disabled
2026-10-09 04:34:02 [main] INFO  SpringPersistenceUnitInfo - No LoadTimeWeaver setup: ignoring JPA class transformer
2026-10-09 04:34:02 [main] INFO  HikariDataSource - HikariPool-1 - Starting...
2026-10-09 04:34:03 [main] INFO  HikariPool - HikariPool-1 - Added connection oracle.jdbc.driver.T4CConnection@5ab63a04
2026-10-09 04:34:03 [main] INFO  HikariDataSource - HikariPool-1 - Start completed.
2026-10-09 04:34:03 [main] INFO  pooling - HHH10001005: Database info:
	Database JDBC URL [Connecting through datasource 'HikariDataSource (HikariPool-1)']
	Database driver: undefined/unknown
	Database version: 21.3
	Autocommit mode: undefined/unknown
	Isolation level: undefined/unknown
	Minimum pool size: undefined/unknown
	Maximum pool size: undefined/unknown
2026-10-09 04:34:04 [main] INFO  JtaPlatformInitiator - HHH000489: No JTA platform available (set 'hibernate.transaction.jta.platform' to enable JTA platform integration)
2026-10-09 04:34:06 [main] INFO  LocalContainerEntityManagerFactoryBean - Initialized JPA EntityManagerFactory for persistence unit 'default'
2026-10-09 04:34:06 [main] WARN  JpaBaseConfiguration$JpaWebConfiguration - spring.jpa.open-in-view is enabled by default. Therefore, database queries may be performed during view rendering. Explicitly configure spring.jpa.open-in-view to disable this warning
2026-10-09 04:34:06 [main] INFO  Http11NioProtocol - Starting ProtocolHandler ["http-nio-8080"]
2026-10-09 04:34:06 [main] WARN  AnnotationConfigServletWebServerApplicationContext - Exception encountered during context initialization - cancelling refresh attempt: org.springframework.context.ApplicationContextException: Failed to start bean 'webServerStartStop'
2026-10-09 04:34:06 [main] INFO  LocalContainerEntityManagerFactoryBean - Closing JPA EntityManagerFactory for persistence unit 'default'
2026-10-09 04:34:06 [main] INFO  HikariDataSource - HikariPool-1 - Shutdown initiated...
2026-10-09 04:34:06 [main] INFO  HikariDataSource - HikariPool-1 - Shutdown completed.
2026-10-09 04:34:06 [main] INFO  ConditionEvaluationReportLogger - 

Error starting ApplicationContext. To display the condition evaluation report re-run your application with 'debug' enabled.
2026-10-09 04:34:06 [main] ERROR LoggingFailureAnalysisReporter - 

***************************
APPLICATION FAILED TO START
***************************

Description:

Web server failed to start. Port 8080 was already in use.

Action:

Identify and stop the process that's listening on port 8080 or configure this application to listen on another port.

2026-10-09 04:35:01 [main] INFO  EzPayApplication - Starting EzPayApplication using Java 25.0.4.1 with PID 3304 (C:\Users\azureuser\Downloads\EzPay_UseCase1_Oracle_Log4j2_JUnit\EzPay_UseCase1\target\classes started by azureuser in C:\Users\azureuser\Downloads\EzPay_UseCase1_Oracle_Log4j2_JUnit\EzPay_UseCase1)
2026-10-09 04:35:01 [main] INFO  EzPayApplication - No active profile set, falling back to 1 default profile: "default"
2026-10-09 04:35:02 [main] INFO  RepositoryConfigurationDelegate - Bootstrapping Spring Data JPA repositories in DEFAULT mode.
2026-10-09 04:35:02 [main] INFO  RepositoryConfigurationDelegate - Finished Spring Data repository scanning in 50 ms. Found 1 JPA repository interface.
2026-10-09 04:35:02 [main] INFO  TomcatWebServer - Tomcat initialized with port 8080 (http)
2026-10-09 04:35:02 [main] INFO  Http11NioProtocol - Initializing ProtocolHandler ["http-nio-8080"]
2026-10-09 04:35:02 [main] INFO  StandardService - Starting service [Tomcat]
2026-10-09 04:35:02 [main] INFO  StandardEngine - Starting Servlet engine: [Apache Tomcat/10.1.40]
2026-10-09 04:35:02 [main] INFO  [/] - Initializing Spring embedded WebApplicationContext
2026-10-09 04:35:02 [main] INFO  ServletWebServerApplicationContext - Root WebApplicationContext: initialization completed in 1167 ms
2026-10-09 04:35:03 [main] INFO  LogHelper - HHH000204: Processing PersistenceUnitInfo [name: default]
2026-10-09 04:35:03 [main] INFO  Version - HHH000412: Hibernate ORM core version 6.6.13.Final
2026-10-09 04:35:03 [main] INFO  RegionFactoryInitiator - HHH000026: Second-level cache disabled
2026-10-09 04:35:03 [main] INFO  SpringPersistenceUnitInfo - No LoadTimeWeaver setup: ignoring JPA class transformer
2026-10-09 04:35:03 [main] INFO  HikariDataSource - HikariPool-1 - Starting...
2026-10-09 04:35:04 [main] INFO  HikariPool - HikariPool-1 - Added connection oracle.jdbc.driver.T4CConnection@456aa471
2026-10-09 04:35:04 [main] INFO  HikariDataSource - HikariPool-1 - Start completed.
2026-10-09 04:35:04 [main] INFO  pooling - HHH10001005: Database info:
	Database JDBC URL [Connecting through datasource 'HikariDataSource (HikariPool-1)']
	Database driver: undefined/unknown
	Database version: 21.3
	Autocommit mode: undefined/unknown
	Isolation level: undefined/unknown
	Minimum pool size: undefined/unknown
	Maximum pool size: undefined/unknown
2026-10-09 04:35:05 [main] INFO  JtaPlatformInitiator - HHH000489: No JTA platform available (set 'hibernate.transaction.jta.platform' to enable JTA platform integration)
2026-10-09 04:35:06 [main] INFO  LocalContainerEntityManagerFactoryBean - Initialized JPA EntityManagerFactory for persistence unit 'default'
2026-10-09 04:35:06 [main] WARN  JpaBaseConfiguration$JpaWebConfiguration - spring.jpa.open-in-view is enabled by default. Therefore, database queries may be performed during view rendering. Explicitly configure spring.jpa.open-in-view to disable this warning
2026-10-09 04:35:07 [main] INFO  Http11NioProtocol - Starting ProtocolHandler ["http-nio-8080"]
2026-10-09 04:35:07 [main] INFO  TomcatWebServer - Tomcat started on port 8080 (http) with context path '/'
2026-10-09 04:35:07 [main] INFO  EzPayApplication - Started EzPayApplication in 6.067 seconds (process running for 7.116)
2026-10-09 04:36:05 [http-nio-8080-exec-1] INFO  [/] - Initializing Spring DispatcherServlet 'dispatcherServlet'
2026-10-09 04:36:05 [http-nio-8080-exec-1] INFO  DispatcherServlet - Initializing Servlet 'dispatcherServlet'
2026-10-09 04:36:05 [http-nio-8080-exec-1] INFO  DispatcherServlet - Completed initialization in 4 ms
2026-10-09 04:36:05 [http-nio-8080-exec-1] ERROR UserController - Unexpected error in UserController
org.springframework.web.bind.MissingServletRequestParameterException: Required request parameter 'password' for method parameter type String is not present
	at org.springframework.web.method.annotation.RequestParamMethodArgumentResolver.handleMissingValueInternal(RequestParamMethodArgumentResolver.java:220) ~[spring-web-6.2.6.jar:6.2.6]
	at org.springframework.web.method.annotation.RequestParamMethodArgumentResolver.handleMissingValue(RequestParamMethodArgumentResolver.java:196) ~[spring-web-6.2.6.jar:6.2.6]
	at org.springframework.web.method.annotation.AbstractNamedValueMethodArgumentResolver.resolveArgument(AbstractNamedValueMethodArgumentResolver.java:125) ~[spring-web-6.2.6.jar:6.2.6]
	at org.springframework.web.method.support.HandlerMethodArgumentResolverComposite.resolveArgument(HandlerMethodArgumentResolverComposite.java:122) ~[spring-web-6.2.6.jar:6.2.6]
	at org.springframework.web.method.support.InvocableHandlerMethod.getMethodArgumentValues(InvocableHandlerMethod.java:227) ~[spring-web-6.2.6.jar:6.2.6]
	at org.springframework.web.method.support.InvocableHandlerMethod.invokeForRequest(InvocableHandlerMethod.java:181) ~[spring-web-6.2.6.jar:6.2.6]
	at org.springframework.web.servlet.mvc.method.annotation.ServletInvocableHandlerMethod.invokeAndHandle(ServletInvocableHandlerMethod.java:118) ~[spring-webmvc-6.2.6.jar:6.2.6]
	at org.springframework.web.servlet.mvc.method.annotation.RequestMappingHandlerAdapter.invokeHandlerMethod(RequestMappingHandlerAdapter.java:986) ~[spring-webmvc-6.2.6.jar:6.2.6]
	at org.springframework.web.servlet.mvc.method.annotation.RequestMappingHandlerAdapter.handleInternal(RequestMappingHandlerAdapter.java:891) ~[spring-webmvc-6.2.6.jar:6.2.6]
	at org.springframework.web.servlet.mvc.method.AbstractHandlerMethodAdapter.handle(AbstractHandlerMethodAdapter.java:87) ~[spring-webmvc-6.2.6.jar:6.2.6]
	at org.springframework.web.servlet.DispatcherServlet.doDispatch(DispatcherServlet.java:1089) [spring-webmvc-6.2.6.jar:6.2.6]
	at org.springframework.web.servlet.DispatcherServlet.doService(DispatcherServlet.java:979) [spring-webmvc-6.2.6.jar:6.2.6]
	at org.springframework.web.servlet.FrameworkServlet.processRequest(FrameworkServlet.java:1014) [spring-webmvc-6.2.6.jar:6.2.6]
	at org.springframework.web.servlet.FrameworkServlet.doPost(FrameworkServlet.java:914) [spring-webmvc-6.2.6.jar:6.2.6]
	at jakarta.servlet.http.HttpServlet.service(HttpServlet.java:590) [tomcat-embed-core-10.1.40.jar:6.0]
	at org.springframework.web.servlet.FrameworkServlet.service(FrameworkServlet.java:885) [spring-webmvc-6.2.6.jar:6.2.6]
	at jakarta.servlet.http.HttpServlet.service(HttpServlet.java:658) [tomcat-embed-core-10.1.40.jar:6.0]
	at org.apache.catalina.core.ApplicationFilterChain.internalDoFilter(ApplicationFilterChain.java:195) [tomcat-embed-core-10.1.40.jar:10.1.40]
	at org.apache.catalina.core.ApplicationFilterChain.doFilter(ApplicationFilterChain.java:140) [tomcat-embed-core-10.1.40.jar:10.1.40]
	at org.apache.tomcat.websocket.server.WsFilter.doFilter(WsFilter.java:51) [tomcat-embed-websocket-10.1.40.jar:10.1.40]
	at org.apache.catalina.core.ApplicationFilterChain.internalDoFilter(ApplicationFilterChain.java:164) [tomcat-embed-core-10.1.40.jar:10.1.40]
	at org.apache.catalina.core.ApplicationFilterChain.doFilter(ApplicationFilterChain.java:140) [tomcat-embed-core-10.1.40.jar:10.1.40]
	at org.springframework.web.filter.RequestContextFilter.doFilterInternal(RequestContextFilter.java:100) [spring-web-6.2.6.jar:6.2.6]
	at org.springframework.web.filter.OncePerRequestFilter.doFilter(OncePerRequestFilter.java:116) [spring-web-6.2.6.jar:6.2.6]
	at org.apache.catalina.core.ApplicationFilterChain.internalDoFilter(ApplicationFilterChain.java:164) [tomcat-embed-core-10.1.40.jar:10.1.40]
	at org.apache.catalina.core.ApplicationFilterChain.doFilter(ApplicationFilterChain.java:140) [tomcat-embed-core-10.1.40.jar:10.1.40]
	at org.springframework.web.filter.FormContentFilter.doFilterInternal(FormContentFilter.java:93) [spring-web-6.2.6.jar:6.2.6]
	at org.springframework.web.filter.OncePerRequestFilter.doFilter(OncePerRequestFilter.java:116) [spring-web-6.2.6.jar:6.2.6]
	at org.apache.catalina.core.ApplicationFilterChain.internalDoFilter(ApplicationFilterChain.java:164) [tomcat-embed-core-10.1.40.jar:10.1.40]
	at org.apache.catalina.core.ApplicationFilterChain.doFilter(ApplicationFilterChain.java:140) [tomcat-embed-core-10.1.40.jar:10.1.40]
	at org.springframework.web.filter.CharacterEncodingFilter.doFilterInternal(CharacterEncodingFilter.java:201) [spring-web-6.2.6.jar:6.2.6]
	at org.springframework.web.filter.OncePerRequestFilter.doFilter(OncePerRequestFilter.java:116) [spring-web-6.2.6.jar:6.2.6]
	at org.apache.catalina.core.ApplicationFilterChain.internalDoFilter(ApplicationFilterChain.java:164) [tomcat-embed-core-10.1.40.jar:10.1.40]
	at org.apache.catalina.core.ApplicationFilterChain.doFilter(ApplicationFilterChain.java:140) [tomcat-embed-core-10.1.40.jar:10.1.40]
	at org.apache.catalina.core.StandardWrapperValve.invoke(StandardWrapperValve.java:167) [tomcat-embed-core-10.1.40.jar:10.1.40]
	at org.apache.catalina.core.StandardContextValve.invoke(StandardContextValve.java:90) [tomcat-embed-core-10.1.40.jar:10.1.40]
	at org.apache.catalina.authenticator.AuthenticatorBase.invoke(AuthenticatorBase.java:483) [tomcat-embed-core-10.1.40.jar:10.1.40]
	at org.apache.catalina.core.StandardHostValve.invoke(StandardHostValve.java:116) [tomcat-embed-core-10.1.40.jar:10.1.40]
	at org.apache.catalina.valves.ErrorReportValve.invoke(ErrorReportValve.java:93) [tomcat-embed-core-10.1.40.jar:10.1.40]
	at org.apache.catalina.core.StandardEngineValve.invoke(StandardEngineValve.java:74) [tomcat-embed-core-10.1.40.jar:10.1.40]
	at org.apache.catalina.connector.CoyoteAdapter.service(CoyoteAdapter.java:344) [tomcat-embed-core-10.1.40.jar:10.1.40]
	at org.apache.coyote.http11.Http11Processor.service(Http11Processor.java:398) [tomcat-embed-core-10.1.40.jar:10.1.40]
	at org.apache.coyote.AbstractProcessorLight.process(AbstractProcessorLight.java:63) [tomcat-embed-core-10.1.40.jar:10.1.40]
	at org.apache.coyote.AbstractProtocol$ConnectionHandler.process(AbstractProtocol.java:903) [tomcat-embed-core-10.1.40.jar:10.1.40]
	at org.apache.tomcat.util.net.NioEndpoint$SocketProcessor.doRun(NioEndpoint.java:1740) [tomcat-embed-core-10.1.40.jar:10.1.40]
	at org.apache.tomcat.util.net.SocketProcessorBase.run(SocketProcessorBase.java:52) [tomcat-embed-core-10.1.40.jar:10.1.40]
	at org.apache.tomcat.util.threads.ThreadPoolExecutor.runWorker(ThreadPoolExecutor.java:1189) [tomcat-embed-core-10.1.40.jar:10.1.40]
	at org.apache.tomcat.util.threads.ThreadPoolExecutor$Worker.run(ThreadPoolExecutor.java:658) [tomcat-embed-core-10.1.40.jar:10.1.40]
	at org.apache.tomcat.util.threads.TaskThread$WrappingRunnable.run(TaskThread.java:63) [tomcat-embed-core-10.1.40.jar:10.1.40]
	at java.base/java.lang.Thread.run(Thread.java:1474) [?:?]
2026-10-09 04:37:30 [RMI TCP Connection(4)-10.30.1.39] INFO  SpringApplicationAdminMXBeanRegistrar$SpringApplicationAdmin - Application shutdown requested.
2026-10-09 04:37:30 [RMI TCP Connection(4)-10.30.1.39] INFO  GracefulShutdown - Commencing graceful shutdown. Waiting for active requests to complete
2026-10-09 04:37:30 [tomcat-shutdown] INFO  Http11NioProtocol - Pausing ProtocolHandler ["http-nio-8080"]
2026-10-09 04:37:30 [tomcat-shutdown] INFO  GracefulShutdown - Graceful shutdown complete
2026-10-09 04:37:30 [RMI TCP Connection(4)-10.30.1.39] INFO  Http11NioProtocol - Stopping ProtocolHandler ["http-nio-8080"]
2026-10-09 04:37:30 [RMI TCP Connection(4)-10.30.1.39] INFO  LocalContainerEntityManagerFactoryBean - Closing JPA EntityManagerFactory for persistence unit 'default'
2026-10-09 04:37:30 [RMI TCP Connection(4)-10.30.1.39] INFO  HikariDataSource - HikariPool-1 - Shutdown initiated...
2026-10-09 04:37:30 [RMI TCP Connection(4)-10.30.1.39] INFO  HikariDataSource - HikariPool-1 - Shutdown completed.
2026-10-09 04:41:02 [main] INFO  EzPayApplication - Starting EzPayApplication using Java 25.0.4.1 with PID 15212 (C:\Users\azureuser\Downloads\EzPay_UseCase1_Oracle_Log4j2_JUnit\EzPay_UseCase1\target\classes started by azureuser in C:\Users\azureuser\Downloads\EzPay_UseCase1_Oracle_Log4j2_JUnit\EzPay_UseCase1)
2026-10-09 04:41:02 [main] INFO  EzPayApplication - No active profile set, falling back to 1 default profile: "default"
2026-10-09 04:41:02 [main] INFO  RepositoryConfigurationDelegate - Bootstrapping Spring Data JPA repositories in DEFAULT mode.
2026-10-09 04:41:02 [main] INFO  RepositoryConfigurationDelegate - Finished Spring Data repository scanning in 67 ms. Found 1 JPA repository interface.
2026-10-09 04:41:03 [main] INFO  TomcatWebServer - Tomcat initialized with port 8080 (http)
2026-10-09 04:41:03 [main] INFO  Http11NioProtocol - Initializing ProtocolHandler ["http-nio-8080"]
2026-10-09 04:41:03 [main] INFO  StandardService - Starting service [Tomcat]
2026-10-09 04:41:03 [main] INFO  StandardEngine - Starting Servlet engine: [Apache Tomcat/10.1.40]
2026-10-09 04:41:03 [main] INFO  [/] - Initializing Spring embedded WebApplicationContext
2026-10-09 04:41:03 [main] INFO  ServletWebServerApplicationContext - Root WebApplicationContext: initialization completed in 1141 ms
2026-10-09 04:41:03 [main] INFO  LogHelper - HHH000204: Processing PersistenceUnitInfo [name: default]
2026-10-09 04:41:03 [main] INFO  Version - HHH000412: Hibernate ORM core version 6.6.13.Final
2026-10-09 04:41:03 [main] INFO  RegionFactoryInitiator - HHH000026: Second-level cache disabled
2026-10-09 04:41:04 [main] INFO  SpringPersistenceUnitInfo - No LoadTimeWeaver setup: ignoring JPA class transformer
2026-10-09 04:41:04 [main] INFO  HikariDataSource - HikariPool-1 - Starting...
2026-10-09 04:41:04 [main] INFO  HikariPool - HikariPool-1 - Added connection oracle.jdbc.driver.T4CConnection@273dec10
2026-10-09 04:41:04 [main] INFO  HikariDataSource - HikariPool-1 - Start completed.
2026-10-09 04:41:04 [main] INFO  pooling - HHH10001005: Database info:
	Database JDBC URL [Connecting through datasource 'HikariDataSource (HikariPool-1)']
	Database driver: undefined/unknown
	Database version: 21.3
	Autocommit mode: undefined/unknown
	Isolation level: undefined/unknown
	Minimum pool size: undefined/unknown
	Maximum pool size: undefined/unknown
2026-10-09 04:41:05 [main] INFO  JtaPlatformInitiator - HHH000489: No JTA platform available (set 'hibernate.transaction.jta.platform' to enable JTA platform integration)
2026-10-09 04:41:06 [main] INFO  LocalContainerEntityManagerFactoryBean - Initialized JPA EntityManagerFactory for persistence unit 'default'
2026-10-09 04:41:06 [main] WARN  JpaBaseConfiguration$JpaWebConfiguration - spring.jpa.open-in-view is enabled by default. Therefore, database queries may be performed during view rendering. Explicitly configure spring.jpa.open-in-view to disable this warning
2026-10-09 04:41:06 [main] INFO  Http11NioProtocol - Starting ProtocolHandler ["http-nio-8080"]
2026-10-09 04:41:06 [main] INFO  TomcatWebServer - Tomcat started on port 8080 (http) with context path '/'
2026-10-09 04:41:06 [main] INFO  EzPayApplication - Started EzPayApplication in 5.268 seconds (process running for 6.19)
2026-10-09 04:41:12 [http-nio-8080-exec-1] INFO  [/] - Initializing Spring DispatcherServlet 'dispatcherServlet'
2026-10-09 04:41:12 [http-nio-8080-exec-1] INFO  DispatcherServlet - Initializing Servlet 'dispatcherServlet'
2026-10-09 04:41:12 [http-nio-8080-exec-1] INFO  DispatcherServlet - Completed initialization in 12 ms
2026-10-09 04:44:46 [RMI TCP Connection(5)-10.30.1.39] INFO  SpringApplicationAdminMXBeanRegistrar$SpringApplicationAdmin - Application shutdown requested.
2026-10-09 04:44:46 [RMI TCP Connection(5)-10.30.1.39] INFO  GracefulShutdown - Commencing graceful shutdown. Waiting for active requests to complete
2026-10-09 04:44:46 [tomcat-shutdown] INFO  Http11NioProtocol - Pausing ProtocolHandler ["http-nio-8080"]
2026-10-09 04:44:46 [tomcat-shutdown] INFO  GracefulShutdown - Graceful shutdown complete
2026-10-09 04:44:46 [RMI TCP Connection(5)-10.30.1.39] INFO  Http11NioProtocol - Stopping ProtocolHandler ["http-nio-8080"]
2026-10-09 04:44:46 [RMI TCP Connection(5)-10.30.1.39] INFO  LocalContainerEntityManagerFactoryBean - Closing JPA EntityManagerFactory for persistence unit 'default'
2026-10-09 04:44:46 [RMI TCP Connection(5)-10.30.1.39] INFO  HikariDataSource - HikariPool-1 - Shutdown initiated...
2026-10-09 04:44:46 [RMI TCP Connection(5)-10.30.1.39] INFO  HikariDataSource - HikariPool-1 - Shutdown completed.
2026-10-09 04:46:31 [main] INFO  EzPayApplication - Starting EzPayApplication using Java 25.0.4.1 with PID 15028 (C:\Users\azureuser\Downloads\EzPay_UseCase1_Oracle_Log4j2_JUnit\EzPay_UseCase1\target\classes started by azureuser in C:\Users\azureuser\Downloads\EzPay_UseCase1_Oracle_Log4j2_JUnit\EzPay_UseCase1)
2026-10-09 04:46:31 [main] INFO  EzPayApplication - No active profile set, falling back to 1 default profile: "default"
2026-10-09 04:46:31 [main] INFO  RepositoryConfigurationDelegate - Bootstrapping Spring Data JPA repositories in DEFAULT mode.
2026-10-09 04:46:31 [main] INFO  RepositoryConfigurationDelegate - Finished Spring Data repository scanning in 48 ms. Found 1 JPA repository interface.
2026-10-09 04:46:32 [main] INFO  TomcatWebServer - Tomcat initialized with port 8080 (http)
2026-10-09 04:46:32 [main] INFO  Http11NioProtocol - Initializing ProtocolHandler ["http-nio-8080"]
2026-10-09 04:46:32 [main] INFO  StandardService - Starting service [Tomcat]
2026-10-09 04:46:32 [main] INFO  StandardEngine - Starting Servlet engine: [Apache Tomcat/10.1.40]
2026-10-09 04:46:32 [main] INFO  [/] - Initializing Spring embedded WebApplicationContext
2026-10-09 04:46:32 [main] INFO  ServletWebServerApplicationContext - Root WebApplicationContext: initialization completed in 1214 ms
2026-10-09 04:46:32 [main] INFO  LogHelper - HHH000204: Processing PersistenceUnitInfo [name: default]
2026-10-09 04:46:32 [main] INFO  Version - HHH000412: Hibernate ORM core version 6.6.13.Final
2026-10-09 04:46:32 [main] INFO  RegionFactoryInitiator - HHH000026: Second-level cache disabled
2026-10-09 04:46:33 [main] INFO  SpringPersistenceUnitInfo - No LoadTimeWeaver setup: ignoring JPA class transformer
2026-10-09 04:46:33 [main] INFO  HikariDataSource - HikariPool-1 - Starting...
2026-10-09 04:46:33 [main] INFO  HikariPool - HikariPool-1 - Added connection oracle.jdbc.driver.T4CConnection@13fe5bb7
2026-10-09 04:46:33 [main] INFO  HikariDataSource - HikariPool-1 - Start completed.
2026-10-09 04:46:33 [main] INFO  pooling - HHH10001005: Database info:
	Database JDBC URL [Connecting through datasource 'HikariDataSource (HikariPool-1)']
	Database driver: undefined/unknown
	Database version: 21.3
	Autocommit mode: undefined/unknown
	Isolation level: undefined/unknown
	Minimum pool size: undefined/unknown
	Maximum pool size: undefined/unknown
2026-10-09 04:46:35 [main] INFO  JtaPlatformInitiator - HHH000489: No JTA platform available (set 'hibernate.transaction.jta.platform' to enable JTA platform integration)
2026-10-09 04:46:35 [main] INFO  LocalContainerEntityManagerFactoryBean - Initialized JPA EntityManagerFactory for persistence unit 'default'
2026-10-09 04:46:36 [main] WARN  JpaBaseConfiguration$JpaWebConfiguration - spring.jpa.open-in-view is enabled by default. Therefore, database queries may be performed during view rendering. Explicitly configure spring.jpa.open-in-view to disable this warning
2026-10-09 04:46:36 [main] INFO  Http11NioProtocol - Starting ProtocolHandler ["http-nio-8080"]
2026-10-09 04:46:36 [main] INFO  TomcatWebServer - Tomcat started on port 8080 (http) with context path '/'
2026-10-09 04:46:36 [main] INFO  EzPayApplication - Started EzPayApplication in 5.719 seconds (process running for 6.88)
2026-10-09 04:46:42 [http-nio-8080-exec-1] INFO  [/] - Initializing Spring DispatcherServlet 'dispatcherServlet'
2026-10-09 04:46:42 [http-nio-8080-exec-1] INFO  DispatcherServlet - Initializing Servlet 'dispatcherServlet'
2026-10-09 04:46:42 [http-nio-8080-exec-1] INFO  DispatcherServlet - Completed initialization in 3 ms
2026-10-09 04:46:43 [http-nio-8080-exec-1] INFO  UserService - User registered successfully. User ID: 1
2026-10-09 04:54:01 [http-nio-8080-exec-3] INFO  UserService - Login successful. User ID: 1
2026-10-09 04:56:13 [http-nio-8080-exec-6] INFO  UserService - Profile updated. User ID: 1
2026-10-09 04:57:40 [http-nio-8080-exec-8] INFO  UserService - Password reset requested for user ID: 1
2026-10-09 04:57:40 [http-nio-8080-exec-8] WARN  UserController - Password reset token generated for local demonstration
2026-10-09 04:58:39 [http-nio-8080-exec-9] INFO  UserService - Password reset completed. User ID: 1
2026-10-09 04:59:31 [http-nio-8080-exec-10] INFO  UserService - Login successful. User ID: 1
2026-10-09 05:05:44 [http-nio-8080-exec-3] INFO  UserService - Login successful. User ID: 1
2026-10-09 05:07:27 [main] INFO  AnnotationConfigContextLoaderUtils - Could not detect default configuration classes for test class [com.ezpay.usermanagement.UserServiceIntegrationTest]: UserServiceIntegrationTest does not declare any static, non-private, non-final, nested classes annotated with @Configuration.
2026-10-09 05:07:27 [main] INFO  SpringBootTestContextBootstrapper - Found @SpringBootConfiguration com.ezpay.EzPayApplication for test class com.ezpay.usermanagement.UserServiceIntegrationTest
2026-10-09 05:07:28 [main] INFO  UserServiceIntegrationTest - Starting UserServiceIntegrationTest using Java 25.0.4.1 with PID 12712 (started by azureuser in C:\Users\azureuser\Downloads\EzPay_UseCase1_Oracle_Log4j2_JUnit\EzPay_UseCase1)
2026-10-09 05:07:28 [main] DEBUG UserServiceIntegrationTest - Running with Spring Boot v3.4.5, Spring v6.2.6
2026-10-09 05:07:28 [main] INFO  UserServiceIntegrationTest - No active profile set, falling back to 1 default profile: "default"
2026-10-09 05:07:29 [main] INFO  RepositoryConfigurationDelegate - Bootstrapping Spring Data JPA repositories in DEFAULT mode.
2026-10-09 05:07:30 [main] INFO  RepositoryConfigurationDelegate - Finished Spring Data repository scanning in 80 ms. Found 1 JPA repository interface.
2026-10-09 05:07:31 [main] INFO  LogHelper - HHH000204: Processing PersistenceUnitInfo [name: default]
2026-10-09 05:07:31 [main] INFO  Version - HHH000412: Hibernate ORM core version 6.6.13.Final
2026-10-09 05:07:31 [main] INFO  RegionFactoryInitiator - HHH000026: Second-level cache disabled
2026-10-09 05:07:31 [main] INFO  SpringPersistenceUnitInfo - No LoadTimeWeaver setup: ignoring JPA class transformer
2026-10-09 05:07:31 [main] INFO  HikariDataSource - HikariPool-1 - Starting...
2026-10-09 05:07:32 [main] INFO  HikariPool - HikariPool-1 - Added connection oracle.jdbc.driver.T4CConnection@4bbc21bd
2026-10-09 05:07:32 [main] INFO  HikariDataSource - HikariPool-1 - Start completed.
2026-10-09 05:07:33 [main] INFO  pooling - HHH10001005: Database info:
	Database JDBC URL [Connecting through datasource 'HikariDataSource (HikariPool-1)']
	Database driver: undefined/unknown
	Database version: 21.3
	Autocommit mode: undefined/unknown
	Isolation level: undefined/unknown
	Minimum pool size: undefined/unknown
	Maximum pool size: undefined/unknown
2026-10-09 05:07:35 [main] INFO  JtaPlatformInitiator - HHH000489: No JTA platform available (set 'hibernate.transaction.jta.platform' to enable JTA platform integration)
2026-10-09 05:07:35 [main] INFO  LocalContainerEntityManagerFactoryBean - Initialized JPA EntityManagerFactory for persistence unit 'default'
2026-10-09 05:07:36 [main] WARN  JpaBaseConfiguration$JpaWebConfiguration - spring.jpa.open-in-view is enabled by default. Therefore, database queries may be performed during view rendering. Explicitly configure spring.jpa.open-in-view to disable this warning
2026-10-09 05:07:37 [main] INFO  UserServiceIntegrationTest - Started UserServiceIntegrationTest in 9.453 seconds (process running for 12.82)
2026-10-09 05:07:39 [main] INFO  UserService - User registered successfully. User ID: 2
2026-10-09 05:07:39 [main] INFO  UserService - Profile updated. User ID: 2
2026-10-09 05:07:39 [main] INFO  UserService - User registered successfully. User ID: 3
2026-10-09 05:07:39 [main] INFO  UserService - Password reset requested for user ID: 3
2026-10-09 05:07:39 [main] INFO  UserService - Password reset completed. User ID: 3
2026-10-09 05:07:39 [main] INFO  UserService - Login successful. User ID: 3
2026-10-09 05:07:39 [main] WARN  UserService - Login failed for supplied identifier
2026-10-09 05:07:40 [main] INFO  UserService - User registered successfully. User ID: 4
2026-10-09 05:07:40 [main] INFO  UserService - User registered successfully. User ID: 5
2026-10-09 05:07:40 [main] INFO  UserService - Login successful. User ID: 5
2026-10-09 05:07:40 [main] INFO  UserService - User registered successfully. User ID: 6
2026-10-09 05:07:40 [main] WARN  UserService - Registration rejected: duplicate email
2026-10-09 05:07:40 [main] INFO  UserService - User registered successfully. User ID: 7
2026-10-09 05:07:40 [main] WARN  UserService - Login failed for supplied identifier
2026-10-09 05:07:41 [SpringApplicationShutdownHook] INFO  LocalContainerEntityManagerFactoryBean - Closing JPA EntityManagerFactory for persistence unit 'default'
2026-10-09 05:07:41 [SpringApplicationShutdownHook] INFO  HikariDataSource - HikariPool-1 - Shutdown initiated...
2026-10-09 05:07:41 [SpringApplicationShutdownHook] INFO  HikariDataSource - HikariPool-1 - Shutdown completed.
2026-10-09 05:09:31 [http-nio-8080-exec-5] WARN  UserService - Login failed for supplied identifier
